Company Name,Layoff Total,Workforce Local Area,WARN Date,Reason for Layoff,Occupations,Layoff Date(s)
Electro Rent,1,Boulder,5/16/2019,Furlough,"Electronic Tech, Digital Demand Generation, IT Tech Support, Test Equipment Operator, Equipment Support Techs, Production Operator",
Geo Reentry Services LLC,196,Pikes Peak (Colo Springs),1/7/2020,Furlough,"Various: Corrections Personnel (136), Rehabilitation Providers/Therapists (23), General Admin (17), Food Service (6), Medical (14)",3/6/2020
Zahn Dental,54,Jefferson (Golden),1/7/2020,Reorganization and relocation,"Various: Customer Care, CAD Scanners, Finishing Technicians, Machine Operators, Finishing Technicians & others",3/9/2020
Molson Coors (Update),265 plus 191 additional employees,Denver,1/15/2020,Closure,Various: Request WARN for detail.,12/31/19 (for 265) Not specified for 191
XPO Logistics/Jacobson Warehouse Company  ,169,Jefferson (Golden),1/15/2020,Correction: Loss of Contract with MillerCoors,"Various: Drivers, Conductors, Operators, Management",3/20/2020
XPO Logistics Supply Chain/Jacobson Warehouse Company (Revised),169,Jefferson (Golden),1/20/2020,Loss of Contract with MillerCoors,"Various: Driver CDLs, PIT Operators, Transportation Specialists, RR Conductors, and others",3/20/2020
Plexus Corporation,104,Boulder (Louisville),1/22/2020,Closure,"Various: Engineers (Analog, Digital, Mechanical, Product & Quality), Project Managers, and Management/Administrative.",3/22/2020
"Luckys Markets, Luckys Cafe, Lucky's Bakehouse Creamery",300,Boulder  ,1/23/2020,Closure,Various: Request WARN for detail.,3/24/20- 4/7/20 in phases
S4 Inc.,77,Pikes Peak,1/26/2020,Loss of Contract,Various: IT positions,Downsize 1/26/20
Oakwood Worldwide (US) LP (Update to  12/30/19 WARN),6,Denver,1/28/2020,Mass Layoff,"Various: Admin Assistant (1) Housekeeper  (4), Inventory Specialist (1) ",3/30/2020
"Southern Foods Group, LLC dba Dean Foods",82,Weld,2/17/2020,Unforseen Business Circumstance,"Various: Filler Operators, Delivery Drivers, Maintenance Mechanics, Product Puller. Request WARN for complete list.",3/13/20 through 4/24/20
"Western Forge, Inc.",164,Pikes Peak (Colo Springs),2/21/2020,Closures: Multiple locations,Unknown- Have requested information from Company,"4/30/20, 5/29/20 and 7/31/20"
iQor Holdings US LLC,82,Pueblo,3/2/2020,Mass Layoff,Unknown ,5/1/2020
"Startek, Inc.",371,Grand Junction (Mesa),3/9/2020,Downsize/Closure,"Various: Account Support Representatives, Customer Care Reps, Engagement Coaches & Mgrs, HR professionals, Trainers",5/31/2020
Dels Diner,14,Rural Consortium,3/17/2020,COVID-19-Temporary Closure,"cooks, waitresses, management",3/17/2020
"Modern Mexican of Denver, LLC dba La Sandia",35,Denver,3/17/2020,COVID-19/Temporary Closure,"servers, bussers, runners, bartenders, cooks hosts janitors",3/17/2020
"RS of Denver, dba Tamayo",66,Denver,3/17/2020,COVID-19 /Temporary Closure,"servers, bussers, runners, bartenders, cooks hosts janitors",3/17/2020
Tacos of Snowmass dba Venga Venga,88,Rural Resort,3/17/2020,COVID-19 /Temporary Closure,"servers, bussers, runners, bartenders, cooks hosts janitors",3/17/2020
TSA Trans States Airlines,329,Denver,3/19/2020,COVID-19/Temporary Closure,Undisclosed,3/17/20 - 4/2/20
Uncle Julio's Hacienda,75,Jefferson,3/19/2020,Furlough,"Various: Cooks, Servers, trainers, bussers, hosts, dishwashers",3/19/2020
Alsco,85,Denver,3/20/2020,Furlough,"Production, Route Sales Representatives",3/20/2020
FS Vail Employment/Four Seasons Resort and Residences Vail,243,Rural Resort,3/20/2020,COVID-19 Temporary Closure,"Various: Accounting, Front Desk, Guestroom Attendants, Activities Attendants, Cooks, Engineers, Banquest services etc.",
Go Rentals,11,Rural Consortium,3/20/2020,Furlough,"Carwash, Regional Manager, Trainee, Detailer",3/22/2020
Go Rentals,7,Denver,3/20/2020,Furlough,"Carwash, Manager, Carcierge ",3/22/2020
HMSHost,21,Denver,3/20/2020,COVID-19/Temporary Closure,Not disclosed,"3/19/20 to 4/20/20, closing 3/19/20"
Isis Theatre/Metro Rocky Mountain Cinemas,11 (2 on furlough),Rural Resort,3/20/2020,COVID-19 /Mass Layoff,Various,3/21/2020
MetroLux 14 Theaters/MetroLux Dine-In/Metro Rocky Mountain Cinemas,120 (11 on furlough),Larimer,3/20/2020,COVID-19 /Temporary Closure,Various,3/21/2020
Punch Bowl Socal,81,Denver,3/20/2020,COVID-19/Temporary Closure ,"Various: dishwasher, admin, food runners, prep cook, servers, hosts, line cook, bartenders, barbacks",3/16/2020
Welk Resorts,39,Rural Resort,3/20/2020,COVID-19 Temporary Closure,Variety of positions - Request WARN for detail,3/20/2020
Wildhorse 6 Stadium Cinemas/Metro Rocky Mtn Cinemas,21 2 on furlough),Rural Resort,3/20/2020,COVID-19 /Temporary Closure,Various,3/21/2020
Calimira dba Rusty Bucket Restraunt & Tavern,65,Adams,3/23/2020,COVID-19/Temporary Closure,Not disclosed,3/16/20-3/20/20 and 3/21/20-3/31/20
ClearChoice,"120 (55 layoffs, 13 furloughs)",ADWorks,3/23/2020,COVID-19/Temporary Closure,Various,3/23/2020
Holiday Inn Denver East Stapleton,24,Denver,3/23/2020,COVID-19 - Temporary Closure,"bartender, Director of Sales, Van Driver, FD agent, Night Audit, Group sales, laundry, cooks, maintenance tech, attendants, servers, bussers, stewards",3/19/2020
Sonder USA,79,Adams,3/24/2020,Permanent Closure,"Various: AR & AP Specialists, team leads, inbound sales, operations, recruiting coordinator, safety specialist, guest experinece team shift lead",3/24/2020
Earls Restaurants USA Inc.,134,Denver & Arapahoe/Douglas,3/25/2020,COVID-19 - Temporary Closure,"servers, dishwashers, cook, bartender, prep, setter dining & lounge, host +",3/25/2020
Electronic Recyclers,26,Araphaoe/Douglas,3/25/2020,COVID-19 Temporary Closure,"Operators, environmental and Safety, production, truck driver, HR assistant, loss prevention",3/24/2020
Pappas Restaurants,145,Arapahoe/Douglas,3/25/2020,COVID-19-Temporary Closure,"Bartenders, Bussers, Cooks, Dishwashers, Hosts, Managers, Office Admin, Servers, Service Tech, to Go Server",3/22/2020
Prestige Maintenance,76,Various,3/25/2020,COVID-19 Temporary Closure,Various,3/19/20-4/1/20
Colombo,21,Denver DIA,3/26/2020,COVID-19 - Temporary Closure,undisclosed,3/29/2020
Einstein Brothers,34,Denver DIA,3/26/2020,COVID-19 - Temporary Closure,undisclosed,3/29/2020
Etias,32,Denver DIA,3/26/2020,COVID-19 - Temporary Closure,undisclosed,3/29/2020
Que Bueno,24,Denver DIA,3/26/2020,COVID-19 - Temporary Closure,undisclosed,3/29/2020
Root Down,121,Denver DIA,3/26/2020,COVID-19 - Temporary Closure,undisclosed,3/29/2020
Sara Lee,27,Denver DIA,3/26/2020,COVID-19 - Temporary Closure,undisclosed,29-Mar
Suitsupply,14,Denver,3/26/2020,Furlough,"Various: Tailor, sales support, sales professional, sales supervisor, custom made specialist, store manager",3/26/2020
Timberline Steaks and Grill,116,Denver DIA,3/26/2020,COVID-19 - Temporary Closure,undisclosed,3/29/2020
Curtis Hotel,182,Denver,3/27/2020,COVID-19 - Temporary Closure,"Wait staff, bartenders, parking attendants, cooks, front desk, baristas, bellmen, room attendants",3/27/2020
Dynalectric Company,2,Boulder,3/27/2020,COVID 19- Temporary Closure,undisclosed,3/13/2020
Elizabeth Hotel,111,Larimer,3/27/2020,COVID-19 - Temporary Closure,"Wait staff, bartenders, parking attendants, cooks, front desk, baristas, bellmen, room attendants",3/27/2020
Embassy Suites & Hilton Garden Inn Boulder,126,Boulder,3/27/2020,COVID-19 - Temporary Closure,Variety of positions - Request WARN for detail,3/27/2020
Factual Data,26,Boulder,3/27/2020,Furlough,Not Disclosed,3/27/2020
Great Wolf Lodge,446,Pikes Peak,3/27/2020,COVID-19 - Temporary Closure,"Wait staff, bartenders, parking attendants, cooks, front desk, baristas, bellmen, room attendants",3/16/2020
International Car Wash Group,37,Arapahoe/Douglas,3/27/2020,Furlough,"Accountants, Accounts Payable, Business Manager, Construction Manager, Financial Analysts, Marketing",3/31/2020
KFC-PHX,16,Denver DIA,3/27/2020,COVID-19 - Temporary Closure,undisclosed,3/29/2020
Maven Hotel at Dairy Block,97,Denver,3/27/2020,COVID-19 - Temporary Closure,"Wait staff, bartenders, parking attendants, cooks, front desk, baristas, bellmen, room attendants",3/27/2020
Oxford Hotel,186,Denver,3/27/2020,COVID-19 - Temporary Closure,"Wait staff, bartenders, parking attendants, cooks, front desk, baristas, bellmen, room attendants",3/27/2020
Paper Source,12,Denver,3/27/2020,COVID -19 - Temporary Closure,Variety of postions - Request WARN for detail,3/29/2020
Paper Source,6,Arapahoe/Douglas,3/27/2020,COVID-19 Temporary Closure,Variety of positions - Request WARN for detail,3/29/2020
Paper Source,13,Pikes Peak,3/27/2020,COVID-19 Temporary Closure,Variety of positions - Request WARN for detail,3/29/2020
Septodont Inc.,80 (66+14),Boulder,3/27/2020, Closure,"production, finance, IT supply chain, warehouse, maintenance, engineering, quality control, quality assurance & admin",6/26/20 & 12/29/20
Town of Nederland,3,Boulder,3/27/2020,Furlough,Not Disclosed,3/27/2020
Stevinson Chevrolet West,33,Jefferson (Lakewood),3/28/2020,COVID-19 Temporary Closure,Variety of positions - Request WARN for detail,3/30/2020
Stevinson Imports Inc.,32,Arapahoe/Douglas,3/28/2020,COVID-19 Temporary Closure,Variety of positions - Request WARN for detail,3/30/2020
Stevinson Lexus of Frederick,34,Weld,3/28/2020,COVID-19 Temporary Closure,Variety of positions - Request WARN for detail,3/30/2020
Stevinson Lexus of Lakewood,71,Jefferson (Golden),3/28/2020,COVID-19 Temporary Closure,Variety of positions - Request WARN for detail,3/30/2020
Stevinson Toyota East,73,Arapahoe/Douglas,3/28/2020,COVID-19 Temporary Closure,Variety of positions - Request WARN for detail,3/30/2020
Stevinson Toyota West,93,Jefferson (Lakewood),3/28/2020,COVID-19 Temporary Closure,Variety of positions - Request WARN for detail,3/30/2020
Colorado Athletic Club - Boulder,186,Boulder,3/30/2020,Furlough,Not disclosed,3/20/2020
Colorado Athletic Club - DTC,115,Arapahoe/Dougless,3/30/2020,Furlough,Not disclosed,3/20/2020
Colorado Athletic Club - Flatiron,115,Boulder,3/30/2020,Furlough,Not disclosed,3/20/2020
Colorado Athletic Club - Inverness,135,Arapahoe/Dougless,3/30/2020,Furlough,Not disclosed,3/20/2020
Colorado Athletic Club - Monaco,192,Denver,3/30/2020,Furlough,Not disclosed,3/20/2020
Colorado Athletic Club - Tabor Center,144,Denver,3/30/2020,Furlough,Not disclosed,3/20/2020
Colorado Athletic Club - Union Station,88,Denver,3/30/2020,Furlough,Not disclosed,3/20/2020
Ebassy Suites Denver Downtown,118,Denver,3/30/2020,COVID-19 Temporary Closure,Variety of positions - Request WARN for detail,3/19/2020
JW Marriott Denver Cherry Creek,112,Denver,3/30/2020,COVID-19 Temporary Closure,Variety of positions - Request WARN for detail,3/23/2020
Mariott Denver Tech Center ,196,Denver,3/30/2020,COVID-19 Temporary Closure,Variety of postions - Request WARN for detail,3/17/2020
Arapahoe Fitness LLC,97,Arapahoe/Dougless,3/31/2020,Furlough,"Managers, Trainers, Front Desk, Member Sales, Instuctors",3/31/2020
Aurora Health & Fitness,52,Arapahoe/Dougless,3/31/2020,Furlough,"Managers, Trainers, Front Desk, Member Sales, Instuctors",3/31/2020
Colorado Fitness Holdings ,59,Pikes Peak,3/31/2020,Furlough,"Managers, Trainers, Front Desk, Member Sales, Instuctors",3/31/2020
North Colorado Springs Health & Fitness,107,Pikes Peak,3/31/2020,Furlough,"Managers, Trainers, Front Desk, Member Sales, Instuctors",3/31/2020
The Broadmoor,"1,411",Pikes Peak,3/31/2020,COVID-19 Temporary Closure,Variety of positions - Request WARN for detail,3/29/2020
Mercedes-Benz of Little (European Motorcars of Littleton),61,Arapahoe/Douglas,4/1/2020,COVID-19 - Temporary Closure,"sales, parts advisor, service advisor, finance, videographer, detailer, administrative & others","3/20/20, 3/24/20, & 3/26/20"
Mile High Honda/Acura (Braman Colorado Imports),63,Denver,4/1/2020,COVID-19 - Temporary Closure,"sales, lot tech, controller, drive attendant, lube tech, parts runner & counter, shuttle driver, service advisor, wholesale parts","3/24/20, 3/26/20 & 3/30/20"
Outrigger Marketing,11,Arapahoe/Douglas,4/1/2020,COVID-19 Temporary Closure,Not disclosed,4/3/2020
Prestige Imports (Braman Colorado European Imports),45,Jefferson,4/1/2020,COVID-19- Temporary Closure,"sales, lot techs, detailers, Reps, body shop, part sales, porters service advisor, AP, and AR positions","3/23/20, 3/24/20, & 3/26/20"
Sage Hospitality Group,48,Denver,4/1/2020,COVID-19 Temporary Closure,Variety of positions - Request WARN for detail,3/17/2020
Shamrock Foods ,11,Denver,4/1/2020,COVID-19 Temporary Closure,Not disclosed,4/1/20-4/30/20 for hourly workers and May 2020 for salaried associates
Shamrock Foods ,134,Adams,4/1/2020,COVID-19 Temporary Closure,Not disclosed,
Doubletree Denver Tech Center,87,Arapahoe/Douglas,4/2/2020,COVID-19 - Temporary Closure,Various: Request WARN for detail.,3/13/2020
Doubletree Grand Junction,52,Mesa,4/2/2020,COVID-19 - Temporary Closure,Various: Request WARN for detail.,3/13/2020
Dynalectric Company,1,Denver,4/2/2020,COVID-19 - Temporary Closure,Various: Request WARN for detail.,3/30/2020
Liberty Oilfield Services,183,Adams,4/2/2020,COVID-19 - Temporary Closure,Various: Request WARN for detail.,4/2/2020
Renaissance Hotel Denver Downton,111,Denver,4/2/2020,COVID-19 - Temporary Closure,Various: Request WARN for detail.,3/13/2020
The Jacquard Hotel & Rooftop,102,Denver,4/2/2020,COVID-19 - Temporary Closure,Various: Request WARN for detail.,3/13/2020
Marriott Colorado Springs,101,Pikes Peak,4/3/2020,COVID-19 - Temporary Closure,"Various: Restaurant, Banaquets, Kitchen Front Office, Housekeeping, Laundry Admin, sales & catering positions",3/16/2020
Mike Shaw Chrysler Dodge Jeep Ram,42,Weld,4/3/2020,COVID-19 - Temporary Closure,Unspecified ,4/3/2020
Pac-12,531 (4 in CO),Boulder,4/3/2020,COVID-19- Temporary Closure,Free lance writers,4/6/20-5/23/20
Arrabelle at Vail Square,82,Rural Consortium,4/6/2020,COVID-19 Temporary Closure,Unspecified ,4/6/2020
Beaver Creek Resort,297,Rural Consortium,4/6/2020,COVID-19 - Temporary Closure,Unspecified ,4/6/2020
Bicycle Village,65,"Multiple: A/D, Boulder, Rural Consortium",4/6/2020,COVID-19 - Temporary Closure,Unspecified ,4/6/2020
Brekenridge Ski Resort,105,Rural Consortium,4/6/2020,COVID-19 - Temporary Closure,Unspecfiied,6-Apr
Colorado Mountain Express,198,"Multiple: Rural Consortium, Denver",4/6/2020,COVID-19 - Temporary Closure,Unspecified ,4/6/2020
Colorado Ski & Golf,133,"Multiple: A/D, Pikes Peak, Jeffco",4/6/2020,COID-19 - Temporary Closure,Unspeficied,4/6/2020
Italian Beverage LLC,92,Denver,4/6/2020,Furlough,"Various: cooks, bartenders, host, server, food runners, barista, diswasher host",4/6/2020
Keystone Conference Center,75,Rural Consortium,4/6/2020,COVID-19 - Temporary Closure,Unspecified ,4/6/2020
Keystone Lodging,200,Rural Consortium,4/6/2020,COVID-19 - Temporary Closure,Unspecified ,4/6/2020
Keystone Resort,147,Rural Consortium,4/6/2020,COVID-19- Temporary Closure,Unspecified ,4/6/2020
The Lodge at Vail,89,Rural Consortium,4/6/2020,COVID-19 - Temporary Closure,Unspecified ,4/6/2020
Vail Beaver Creek Resort Properties,79,Rural Consortium,4/6/2020,COVID-19 - Temporary Closure,Unspecified ,4/6/2020
Vail Marriott Mountain Resort,250,Rural Consortium,4/6/2020,COVID-19 - Temporary Closure,Unspecified ,4/6/2020
Vail Mountain,204,Rural Consortium,4/6/2020,COVID-19 - Temporary Closure,Unspecified ,4/6/2020
G2 Secure Staff,23,Denver,4/7/2020,Furlough,"Wheel Chair Agents, Dispatchers & Leads, Admin/Mgmt (Non-Union)",3/27/2020
Isle of Capri & Lady Luck Casinos,470,Gilpin/Jefferson,4/7/2020,Furlough,Not Disclosed,4/7/2020
City of Fort Lupton,78,Weld,4/8/2020,Furlough,,4/18/2020
Discovery Natural Resources,28,Denver,4/8/2020,Furlough,Not disclosed,4/8/20 - 5/1/20
Prospect Airport Services,145,Denver,4/8/2020,Furlough,"Various: skycap, passenger service assistant, dispatcher, recruiter, supervisor, baggage handler",4/8/2020
Avis Budget Group/Avis Budget Car Rental,260,Denver,4/10/2020,Fulough and Permanent,"Agents, Customer Service Reps, Associate Rental Sales, Administrative, mechanic, shuttlers etc.",3/13/2020
Dynalectric Company,1,Pikes Peak,4/10/2020,Furlough,Not Disclosed,4/18/2020
Sunrise Medical LLC,23,Boulder,4/10/2020,Furlough,Not Disclosed,4/13/2020
Aqua Hot Heating Systems,10,Weld,4/13/2020,Furlough,Various ,3/26/2020
Halliburton,130,Weld ,4/14/2020,Permanent  ,Various,4/13/2020
Basic Energy Services,51,Rural Consortium - Eastern Sub-Area,4/15/2020,Permanent ,Various: Managers & Supervisors,4/15/2020
Flatiron,126,Arapahoe/Douglas,4/15/2020,Permanent closure,Various,4/24/20 & 5/31/20
The Lodge at Vail (revision increased by 1 to 90),1,Rural Resort,4/20/2020,Furlough,Not Disclosed,4/6/2020
Hard Rock Cafe,74,Denver,4/22/2020,Furlough,"Bartender, Bussers, Dishwashers, Financial Asst, Line Cook, Maintenance, Cafe Sales, Cooks, Supervisors kitch and Retail",4/13/20-4/27/20
Basic Energy Services (Updated),26 (additional),Rural Consortium - Eastern,4/23/2020,Permanent,"Equipment Operators, Mechanic, Field Supervisor-Pumping Services, Machinist, Welder, Staff Assistant",4/23/2020
Basic Energy Services (Updated),26,Ft. Morgan,4/23/2020,Permanent,"Equipment Operators, Mechanics, Field Supervisor, Welder, Staff Assistant",4/23/2020
Liberty Oilfield Services,153,Adams,4/27/2020,Permanent,Not Disclosed,4/27/2020
Warwick Denver Hotel,64,Denver,4/27/2020,Furlough,"Cooks, Agents, Housekeeping, Bellmen, Cooks, Engineers, Dishwashers",4/27/2020
"Sodexo, Inc. /United Denver Clubs ",248,Denver,4/28/2020,Furlough,Not Disclosed,4/30/2020
Hilton Garden Inn,113 (extend date),Denver,5/4/2020,COVID - Temporary ,"Various: Clerks, Controllers, Event Sales Engineering, Event Planner, Front Desk Agent, Supervisor, Room Service ",Not available
Breckenridge SSBRK,55,Rural Resort,5/4/2020,COVID - Temporary ,Not Disclosed,Not available
SSV Vail Mountain,59,Rural Resort,5/4/2020,COVID - Temporary ,Not Disclosed,Not available
The Lodge at Vail,12 addtl Totaling 101,Rural Resort,5/4/2020,COVID - Temporary ,Not Disclosed,Not available
Keystone Lodging,42 addtl Totaling 242,Rural Resort,5/4/2020,COVID - Temporary ,Not Disclosed,Not available
Keystone Conference Center,25 addtl Totaling 100,Rural Resort,5/4/2020,COVID - Temporary ,Not Disclosed,Not available
Colorado Ski & Golf,10 addtl Totaling 143,Rural Resort,5/4/2020,COVID - Temporary ,Not Disclosed,Not available
Bicycle Village,1 addll Totaling 62,Rural Resort,5/4/2020,COVID - Temporary ,Not Disclosed,Not available
Colorado Mountain Express,13  addtl Totaling 211,Rural Resort,5/4/2020,COVID - Temporary ,Not Disclosed,Not available
Vail Mountain,4 addtl Totaling 208,Rural Resort,5/4/2020,COVID - Temporary ,Not Disclosed,Not available
Breckenridge Ski Resort,24 addtl Totaling 129,Rural Resort,5/4/2020,COVID - Temporary ,Not Disclosed,Not available
Arabelle at Vail Square,17 addtl Totaling 99,Rural Resort,5/4/2020,COVID - Temporary ,Not Disclosed,Not available
Beaver Creek Resort,26 addtl Totaling 323,Rural Resort,5/4/2020,COVID - Temporary ,Not Disclosed,Not available
Keystone Resort,11 addtl Totaling 158,Rural Resort,5/4/2020,COVID - Temporary ,Not Disclosed,Not available
Vail/Beaver Creek Resort Properties,4 addtl Totaling 83,Rural Resort,5/4/2020,COVID - Temporary ,Not Disclosed,Not available
Hilton Denver Inverness,200 (extend date),Arapahoe/Douglas,5/6/2020,COVID - Temporary ,"Various: Clerks, Controllers, Event Sales Engineering, Event Planner, Front Desk Agent, Supervisor, Room Service ",Not available
Sheraton Denver Tech,75,Arapahoe/Douglas,5/7/2020,Mass Layoff - Permanent,"Various: Food Attendant, Room Attendant, Housekeepers, Front Desk Agent and more","5/9/20 & 5/14/20, 5/15/20"
Cox Automotive,163,Arapahoe/Douglas,5/8/2020,COVID - Temporary ,Not Disclosed,5/17/2020
Nordstrom,167,Broomfield,5/11/2020,Closure - Permanent,"Various: Administration, Cash Room, Logistics Processor, Salespeople, Manager, Merchandiser and more",6/21/2020
"iQor Holdings US LLC (Update, 33 jobs saved)",N/A,Rural Consortium,,,N/A,N/A
Embassy Suites Boulder -Update,Reinstated 95 and laying off 61,Boulder,5/15/2020,Reinstate and COVID Temporary,"Various: Cooks, Laundry, Managers, Breakfrast Attendnance and others",6/13/2020
Czarnowski,53,Denver,5/15/2020,COVID-Temporary,"Various: 3D Designer, Account Mgr, Admin Graphics, Carpenters, Proj Mgr and more","5/22/20, 5/26/20, 5/29/20"
Maven Hotel at Dairy Block - Update,"84 reinstated, 73 laid off",Denver,5/15/2020,COVID-19 Temporary ,"Various: Dir Sales, Lounge Services, Bartender, Line Cooks, Houskeeping, Managers and others",6/16/2020
DoubleTree Colorado Springs,177,Pikes Peak,5/15/2020,COVID-19 Temporary ,"Various: Accounting Personnel, Sales and Event Managers, Operations Managers, Front Line Supervisors, Shuttle drivers",3/16/2020
Brown Palance Denver,298,Denver,5/21/2020,COVID-19 Temporary ,"Various: Cooks, Food Servers, Bussers, Laundry, Banquet Servers, Hostesses and more.",5/21/2020
Bluprint (3 locations),137,Denver,5/22/2020,Closure - Permanent,"Various: Photographers, Product Managers, Customer Support, Engineers, Editors and Others",7/22/2020
Group Publishing Inc. ,62,Larimer,5/22/2020,Mass Layoff - Permanent,Not disclosed,7/1/20 & 10/1/30
Hertz Corporation,190,Denver,4/24/2020,Mass Layoff - Permanent,"Various: Vehicle Service Attendancts, Courtesy Bus Drivers, Customer Care, Mechanics ",4/14/20 & 4/20/20
Hertz Corporation Update,19,Denver,5/21/2020,Mass Layoff - Permanent,"Various: Customer Care, Clerks",5/20/2020
Bartaco,53,Boulder,4/1/2020,Mass Layoff- Temporary,Not disclosed,3/21/2020
Fort Collins Hilton,113,Larimer,5/8/2020,Mass Layoff - Temporary,"Various: Banquet Servers & Setup, Accounting Clerk, Engineer, Barista, Event Sales, Front Desk and others",5/8/2020
Denver Crown Plaza,69,Denver,5/8/2020,Furloughs,"Various: Banquet Servers & Setup, Accounting Clerk, Engineer, Barista, Event Sales, Front Desk and others",3/12/2020
Sheraton Denver Tech,75,Arapahoe/Douglas,5/7/2020,Mass Layoff - Permanent,"Various: Banquet Servers & Setup, Accounting Clerk, Engineer, Barista, Event Sales, Front Desk and others",5/7/2020
Enterprise and National Rent-A-Car,83,Denver,4/30/2020,Mass Layoff - Permanent,"Various: DOT Bus Drivers, Drivers, Return Agents, Maintenance Techs and others",4/30/2020
Alamo Rent-A-Car,67,Denver,4/30/2020,Mass Layoff - Permanent,"Various: Customer Service Agent, Service Agent, DOT Bus Driver, Exit Booth, Greeter",Apr-20
Denver Performing Arts,151,Denver,5/27/2020,Mass Layoff -Temporary/Some Permanent,"Various: Ticket Agents, Stage Hands, Office Managers, Production Electricians and Ohters",6/1/2020
Russell Stover Chocolates ,217,Rural - Western Sub-Area,5/19/2020,Closure - Permanent,"Various: Candymakers, Leads, Packers, Service Utility, Management, Machine Operators, Technicians and others.",7/24/20 & 8/28/20
St. Regis Aspen Resort,263,Rural Resort,6/2/2020,furloughs and Hour Reductions,"Various: Spa Attendents, Conciere, cooks, management, engineers, Esthestician, Groundskeepers and more.",3/21/2020
Park Hyatt Beaver Creek Hotel,109 (7 perm & 102 furlough),Rural,5/30/2020,Furloughs and Hour Reductions,"Various: Supervisor Servers, Cooks, Stewards, Valet -Car, Steward, Beverageand more",3/22/2020
The Westin Denver Downtown ,155,Denver,6/2/2020,Furloughs & Reduction in Hours,"Various: Housekeepers, Runners, Servers, Cookes, Captains, Auditors, Bartenders, Attendants and more",3/21/2020
Hyatt Denver,317,Denver,6/3/2020,Partial Closure - conversions of furloughs to temporary layoffs and some extensions of furloughs,"Various: Clerks, Cooks, Bartenders, Event Managers, Greeters, Hosts, Room Attendants, Security Officers, Servers Events and mor.",6/20/2020
The Westin Denver International Airport,222,Denver,5/28/2020,"Temporary furloughs & layoffs, recuction in hours","Various: Servers, Cooks, Stewards, Event Manger, Front Desk, Housekeeping, Purchasing, Maintenance & more",3/21/2020
The Ritz Carlton Denver,232,Denver,6/5/2020,"Temporary furloughs & layoffs, recuction in hours","Various: Servers, Cooks, Stewards, Event Manger, Front Desk, Housekeeping, Purchasing, Maintenance & more",3/21/2020
The Ritz Carlton Bachelor Gulch,240,Rural ,6/4/2020,"Temporary furloughs & layoffs, recuction in hours","Various: Servers, Cooks, Stewards, Event Manger, Front Desk, Housekeeping, Purchasing, Maintenance & more",3/21/2020
Sheraton Denver Downtown,414,Denver,6/4/2020,"Temporary furloughs & layoffs, recuction in hours","Various: Servers, Cooks, Stewards, Event Manger, Front Desk, Housekeeping, Purchasing, Maintenance & more",3/21/2020
W Aspen,124,Rural,6/4/2020,"Temporary furloughs & layoffs, recuction in hours","Various: Servers, Cooks, Operations, Sous chef, Front Desk, Housekeeping, Purchasing, and more.",3/21/2020
Gaylord Rockies Resort & Convention Center,1226,Arapahoe/Douglas,6/5/2020,Temporary furloughs  and /or reduction in hours,"Various:Attendants, Cooks, Housekeeping, Billing, Performers, Engineers, Guest Experience Experts, Loss Prevention officer and more.",3/13/2020
Czarnowski - Update,9 (Additional),Denver,6/5/2020,Temporary furloughs,"Various:  3D Designer, Account Manager, Inventory, Carpenter Inventory Control, CNC Operator, Warehouse, Rental","6/10/20, 6/17/20, 6/22/20, 6/26/20"
Ameristar Casino Resort Spa,117,Gilpin/Jefferson,6/11/2020,Mass Layoff- Permanent,Not disclosed,9/15/2020
Mountain States Rosen,222,Weld ,6/11/2020,Closure - Permanent,Various: Request WARN for detail.,8/11/2020
Grand Hyatt Vail,196 (7 perm & 189 furlough),Rural Resort,6/15/2020,Temporary furloughs & layoffs,"Various: Servers, Cooks, Stewards, Event Manger, Front Desk, Housekeeping, Purchasing, Maintenance & more","6/26/2020, 6/30/2020"
Marriott Denver Tech Center (Update),184 laid off,Arapahoe/Douglas,6/18/2020,Mass Layoff- Permanent,Variety of postions - Request WARN for detail,5/1/2020 - 5/17/2020
EcoGen,101,Grand Junction (Mesa),6/19/2020,Mass Layoff- Permanent,Variety of postions - Request WARN for detail,6/17/2020 - 7/1/2020
Hertz Corporation (Update),212,Denver,6/18/2020,Mass Layoff- Permanent,Variety of postions - Request WARN for detail,8/17/2020
Spire Hospitality,113,Multiple: Denver and Pikes Peak,6/26/2020,Mass Layoff- Permanent,"Various: Cooks, Laundry, Managers, Banquet Servers and others",7/1/2020
Upserve,12,Denver,6/25/2020,Furlough,"Various: Account Manager, Customer Success Manager, Customer Support Specalist and others",6/25/2020
"Sandoz Inc., A Novartis Division (Update)",24,Broomfield,1/7/19 & 4/6/2020,Closure,"Production Technicians, Chemists, & more",4/13/19-5/30/19
AstraZeneca,210,Boulder & Longmont,1/8/2019,Closure,"Quality Control, technicians, engineers & others",3/22/2019
The Inn at Cherry Creek,18,Denver,1/2/2019,Closure (Temporary 18-24 mo),"Front office, housekeeping, exec office, engineering & others","3/3/19, 3/31/19"
"WideOpenWest Networks LLC and WideOpenWest Illinois, LLC",203,Colorado Springs,1/9/2019,Downsize,"Customer Advocates, Business Tech Sup, Sales Retention Specialists & more",3/10/19 (184) & 5/31/19 (19)
Westrock,61,Arapahoe/Douglas,3/25/2019,Closure,"Production workers, auditors, technicians & others","3/25/19, 4/24/19, 5/24/19"
Pura Vida Fitness & Spa,134,Denver,1/18/2019,Closure,"Managers/Directors, therapists, instructors, & others",4/15/2019
"Conagra Brands, Inc.",100,Boulder,2/5/2019,Closure,Not reported,5/24/19 - 3/20/20
Sandoz/Novartis (2nd Wave of Layoffs),116,Broomfield,2/11/2019,Closure,"Production technicians, chemists, process & others",4/13/19 - 5/19/19
Spectrum Pharmaceuticals,3,Denver,2/13/2019,Divesting Product line/Sale to Acrotech Biopharma,"Application system analyst, data compliance officer, VP Sales",4/12/2019
Resolute Natural Resources Company LLC,57,Denver,1/15/2019,Merger,"Various: administration, engineers, & others",3/1/2019
"Sandoz Inc, A Novartis Division (Next Phase)",56,Broomfield,3/18/2019,Closure,"Management, Production Technicans, administrative, Material Handlers",5/18/19 - 6/1/19
National Express Transit (NEXT),60,Pikes Peak,3/1/19 (received on 3/22/19),Closure,"3 Managers and 57 hourly employees including General Manager, Saftety Manager/OPS, Drivers, Dispatchers, Dispatch Reservation Manager, Road Supervisors, Utility Workers, Scheduler, Reservationist",6/30/2019
Invesco (OppenheimerFunds OFI),850,Arapahoe/Douglas (Centennial),3/21/19 (received 3/22/19),Downsizing,Not disclosed in WARN,5/25/19 (thru 18 mo following)
Crothall Healthcare Environmental Services,283,Arapahoe/Douglas,4/26/2019,Closure,"Housekeepers, Admin, Operations, Patient Ambassadors",6/30/2019
Sandoz-Novartis,24,Broomfield,7/6/19-7/31/19,Closure,"Lead Technicians (5), Equipment Maintenance Tech III (3), Production Technician III (16)",7/6/19 - 7/31/19
Upsher-Smith Laboratories LLC,74,Denver,5/10/2019,Closure,"Various postions: Manufacturing Technicians, scientists, engineers, technical services, instrument controls, operations",8/2/19 - 3/31/20
Sandoz-Novartis,67,Broomfield,7/8/2019,Closure,"Various positions: Administrative, Chemist, Supply Chain, Production, Quality, Techs, Logistics",9/7/19 - 12/31/19
PrimeFlight Aviation Services Inc.,439,Denver,7/15/19 (received 7/16/19),Loss of Contract with United Airlines,"Various positions: Cabin Appearance Staff (380), Inventory Control (17), Operations Managers, & other positions",9/18/2019
"ABM Aviation, Inc.",79,Denver,9/22/2019,Loss of Contract with United Airlines,"Various Positions: Cargo Agent (65), Supervisors (7), Managers (3), Cargo Planner (1), Cargo Investigator (1), Admin Asst (1), Recruiter (1)",9/22/2019
Levy Premium Foodservice LP,56,Denver,9/30/2019,Loss of Pepsi Center Contract,"Various Positions: Servers (14), Cooks (13), Supervisors (6), Food Runners (4), Cashiers (3) and other positions",9/30/2019
Aramark Sports & Entertainment Services LLC,185,Denver,7/24/2019,Loss of Pepsi Center Contract,"Varous Positions: Servers, Cooks, bartenders, Cashiers, management, office, waiters/waitresses and more",9/25/2019
Sandoz-Novartis,37,Broomfield,8/5/2019,Closure,"Various Positions: Logistics Productioins Support, Compliance, Quality Engineer, HR Specialist, Trainer, Management",10/5/19-12/31/19
TTEC Services Corporation,174,Arapahoe/Douglas,10/5/2019,Ending work-from-home ops,Primarily Customer Service Agents working in different locations across the U.S.,10/5/2019
Nestle USA Inc and Nestle Dreyer's Ice Cream,56,Denver,8/16/2019,Restructuring/Closure of site,"Various: Sales, Delivery Drivers, Merchandisers, Warehouse",10/18/19-12/31/19
Transform SR LLC (060401 & 01141 Units),80,Arapahoe/Douglas,8/29/2019,Change in Business Circumstances,"Various: Consultative Sales, Managers, Store Support, Fulfillment Center, Cashier, Auto Technicians, Customer Service",12/15/2019
Brown Brothers Harriman & Co.,136,Arapahoe/Douglas,9/23/2019,Loss of Contract/Closure,Various: CPAs CPAs Administrative positions related to investments,11/25/19 - 9/30/20
QCData,40-60,Arapahoe/Douglas,10/4/2019,Loss of Contract,Unknown,11/29/19 - 1/31/2020
Halliburton Energy Services Inc.,178,Mesa,10/7/2019,Mass Layoff,"Various: Drivers, Service Coordinators, Planners, Material Handlers, Mechanic Technicians, Parts Techs, Coordinators",10/7/2019
Backflip Studios,86,Boulder,10/23/2019,Closure,"Various: creative roles, management, engineers, product managers",12/23/2019
Oakwood Worldwide,1,Denver,10/29/2019,Mass Layoff,Operations Manager,12/30/2019
"Energes Services, LLC",121,Larimer,10/30/2019,Closure,"Various: Construction, Maintenece, Admin","10/30/2019, 11/8/2019, 11/22/2019, 11/29/2019"
Molson Coors,300,Denver,10/30/2019,Downsizing,Not disclosed in WARN,12/31/2019
Smithfield Fresh Meats Corporation,68,Denver,10/24/2019,Closure,"Various: General Labor, Crew Leaders, Equipment Operators, Forklift Operations and others.",12/31/19 to 3/26/20
HomeAdvisor,229,Pikes Peak,11-1-19 received 11/19/19 via Local Area/Suthers office,Closure,Various: Predominately Sales Consultants and Project Advisors,1/1/20 to 1/14/20
Jagged Peak Energy Inc,92,Denver,12/10/2019,Closure/Sale of Company/Restructuring,Various: Request WARN notification for specifics.,Closure 1/10/20- 04/10/20
S4 Inc.,77,Pikes Peak,1/26/2020,Loss of Contract,Various: IT positions,Downsize 1/26/20
Zahn Dental,54,Jefferson (Golden),1/7/2020,Reorganization and relocation,"Various: Customer Care, CAD Scanners, Finishing Technicians, Machine Operators, Finishing Technicians & others",3/9/2020
Geo Reentry Services LLC,196,Pikes Peak (Colo Springs),1/7/2020,Mass Layoff,"Various: Corrections Personnel (136), Rehabilitation Providers/Therapists (23), General Admin (17), Food Service (6), Medical (14)",3/6/2020
ACME Brick Company,42,Pikes Peak (Castle Rock),10/29/2018,Closure,,
"Advantage Logistics USA West LLC - Aurora, CO",272,Arapahoe/Douglas,2/2/2019,Closure (Cease Operations),,
"Advantage Logistics USA West LLC - Fountain, CO",475,Pikes Peak,2/2/2019,Closure (Cease Operations),,
Ameritrade Holding Company,8,Adams,8/9/2018,Reorganization,,
AstraZeneca,210,Boulder & Longmont,1/8/2019,Closure,,
Chipotle Mexican Grill,399,Denver,6/29/2018,Closure,,
"Conagra Brands, Inc.",100,Boulder,05/24/19 - 3/20/2020,Closure,,
Conduent Commercial Solutions LLC,410,Pikes Peak,8/10/2018,Change in business conditions,,
Courtyard Care Center Nursing Home/Family Health West,51,Mesa County,12/1/2018,Closure,,
Covenant Care at Home,67,Adams,3/6/2018,Closure,,
CPI Card Group,79,Arapahoe/Douglas,2/12/2018,Closure,,
Crothall Healthcare/ Patient Transport Dept,65,Adams,10/22/2018,Cease operations,,
Davita Clinical Research,41,Jefferson,2/12/2018,Other,,
Davita Clinical Research,41,Jefferson,6/1/2018,Closure,,
DCT Industrial,55-59,Denver,5/31/2018,Closure,,
Dex YP,39,Arapahoe/Douglas,7/27/2018,Closure,,
Dream Center Education Holdings Inc/The Art Institute,160,Denver,6/29/2018,Closure,,
Dream Center Education Holdings LLC/Art Institute UPDATED to 12/31/18 closure date.,160,Denver,7/20/2018,Closure,,
First Data - Update 1/2/18,149,Arapahoe Douglas,1/2/2018,Reduction in Force,,
Fluor,54,Boulder,1/22/2018,Other-Loss of Contract,,
General Dynamics,75,Pikes Peak,8/1/2018,Ceasing Operations on a contract,,
General Dynamics Update 8-22-18 - Layoff date changed to 12/31/18,75,Colorado Springs,8/22/2018,Ceasing operations on a contract,,
Jackson National Life Insurance Company,370,Denver,2/8/2018,Closure,,
Jackson National Life Insurance Company,156,Pikes Peak,8/13/2018,Closure,,
Media News Group dba Digital First,107,Pikes Peak,9/28/2018,Downsize,,
National Planning Holdings,7,Denver,1/26/2018,Downsize due to sale,,
Northrop Grumman - Update 1/15/18,38,Pikes Peak,1/15/2018,Other-Loss of Contract,,
Northrop Grumman - Updated 1/2/18,85,Pikes Peak,1/2/2018,Other - Loss of Contract,,
Peak Reliability,69,Larimer,1/7/19 & 4/6/2020,Terminate Operations,,
Pura Vida Fitness & Spa,134,Denver,4/15/2019,Closure,,
Sandoz Inc.,65,Broomfield,2/6/2018,Closure,,
"Sandoz Inc., A Novartis Division (Update)",24,Broomfield,1/7/19 & 4/6/2020,Closure,,
Sandoz/Novartis (2nd Wave of Layoffs),116,Broomfield,2/11/2019,Closure,,
Schneider National Carriers Inc.,119,Arapahoe/Douglas,2/15/2018,Other - Loss of Contract,,
Scottrade - Ameritrade,63,Adams,1/18/2018,Other,,
Scottrade - Ameritrade,10,Adams,5/3/2018,Downsize,,
Spectrum Pharmaceuticals,3,Denver,2/13/2019,Divesting Product line/Sale to Acrotech Biopharma,,
St. Mary Corwin Medical Center,272,Pueblo,3/8/2018,Downsize,,
Startek,261,Pikes Peak,1/31/2018,Downsize,,
Startek Inc.,186,Weld,8/17/2018,Reduction in Force,,
The Cheesecake Factory,96,Boulder,10/24/2018,Closure,,
The Inn at Cherry Creek,18,Denver,1/2/2019,Closure (Temporary 18-24 mo),,
Wells Fargo/Consumer Lending Group Home Equity Fullfillment Group,53,Pikes Peak,8/23/2018,Closure of Unit,,
Westrock,61,Arapahoe/Douglas,3/25/2019,Closure,,
"WideOpenWest Networks LLC and WideOpenWest Illinois, LLC",203,Colorado Springs,1/9/2019,Downsize,,
Williams Field Services Group LLC,Unknown,Rural (Durango),7/31/2018,Selling assets,,
Albertsons Store #1886,72,Mesa,3/20/2017,Closure,,
All Aboard -Recinded on 3/31/17,117,Adams,1/30/2017,Loss of Contract,,
All Aboard Transit Services - Resubmission 07/27/2017,Unknown - Previous submission 117,Adams,7/27/2017,Loss of Contract,,
Alorica,288,Pikes Peak,10/30/2017,Closure,,
CA Concessions of Colorado,52,Denver,12/4/2017,Loss of Contract/Downsize,,
Cardon Outreach,60,Pikes Peak,1/3/2017,Closure,,
Company,Layoff Total,Workforce Region,WARN Date,Reason for Layoff,,
Conduent Inc.,244,Arapahoe Douglas,5/19/2017,Downsize,,
Dollar Express,37,Various,3/30/2017,Closure,,
Express Scripts,338,Pueblo,2/22/2017,Closure,,
First Data,201,Arapahoe Douglas,10/13/2017,Reduction in Force,,
First Data - Update 1/2/18,149,Arapahoe Douglas,1/2/2018,Reduction in Force,,
K-Mart Corporation Store #04332,81,Pikes Peak,1/4/2018,Closure,,
Lockheed Martin,79,Pikes Peak,11/1/2017,Reduction in Force,,
Multi Packaging Solutions,98,Arapahoe Douglas,7/25/2017,Closure,,
National Ecological Observatory Network dba Battelle Ecology,55,Boulder,11/6/2017,Reduction in Force,,
National Planning Holdings Inc.,13,Denver,12/14/2017,Sale of business/Reduction in Force ,,
National Planning Holdings Inc.,42,Denver,8/30/2017,Sale of business/Reduction in Force ,,
Northrop Grumman,50,Pikes Peak,11/2/2017,Reduction in Force,,
Northrop Grumman - Updated 1/2/18,85,Pikes Peak,1/2/2018,Other - Loss of Contract,,
Pinnacle Foods,27,Boulder,1/5/2017,Closure,,
Savers,62,Arapahoe Douglas,3/2/2017,Closure,,
TD Ameritrade Holding Corporation,84,Adams,12/6/2017,Company Reorganization/Downsize,,
TD Ameritrade Holding Corporation,32,Adams,10/10/2017,Company Wide Reorganization,,
UnitedHealth Group,119,Arapahoe Douglas,2/15/2017,Downsize,,
UtiliQuest,78,Tri-County,12/8/2017,Loss of Contract/Closure,,
Verizon/XO Communications,49,Arapahoe Douglas,6/27/2017,Restructuring,,
Viavi Solutions Inc.,61,Pikes Peak,2/7/2017,Corporate Restructuring,,
WalMart,68,Denver,1/17/2017,Closure,,
Walmart Store #1208,153,Jefferson,6/5/2017,Closure,,
Walmart Store #3020,65,Jefferson,6/5/2017,Closure,,
Walmart Store #3096,74,Boulder,5/23/2017,Closure,,
XTO Energy Western Div Office,113,Arapahoe Douglas,6/20/2017,Closure - Move to other Company locations,,
Zenith Education Group,27,Adams,11/3/2017,Closure,,
Zenith Education Group,26,Pikes Peak,11/3/2017,Closure,,
Sports Authority - Lone Tree Store,70,Arapahoe/Douglas,7/13/2017,Closure,,
SMA America Production LLC,220,Denver,12/31/2016,Closure,,
Coleman,54,Jefferson,12/20/2016,Closure,,
MV Public Transportation,52,Mesa,10/21/2016,Closure,,
Climax Molybdenum Co - Henderson Mine & Mill - REV #5,N/A,Jefferson,10/11/2016,Revision,,
Swissport,187,Denver,9/16/2016,Downsize,,
Climax Molybdenum Co - Henderson Mine & Mill - REV #4,200,Jefferson,8/26/2016,Revision,,
Sports Authority - Store Support Center,144,Arapahoe/Douglas,8/26/2016,Closure,,
General Dynamics Information Technology,60,Pikes Peak/Teller,8/18/2016,Ceasing certain operations,,
Lake Region Medical - Layoffs 8-10-16,60,Jefferson,8/10/2016,Closure,,
Integra,59,Denver,8/4/2016,Downsize,,
Honeywell Technology Solutions Inc - REV,210,Pikes Peak/Teller,7/28/2016,Potential Downsize,,
Packaging Corporation of America,70,Adams,7/25/2016,Closure,,
Excelsior,80,Arapahoe/Douglas,7/20/2016,Closure,,
Northwest Pipe Company,65,Denver,7/12/2016,Selling Company,,
CCA- Kit Carson Correctional Facility,141,Western,7/5/2016,Closure,,
Xerox State Healthcare,85,Arapahoe/Douglas,6/27/2016,Other,,
Sports Authority,70,Arapahoe/Douglas,6/23/2016,Closure,,
Sports Authority,N/A,Arapahoe/Douglas,6/15/2016,Revision,,
Climax Molybdenum Co - Henderson Mine & Mill - REV#3,N/A,Jefferson,6/14/2016,Revision,,
Sports Authority,N/A,Arapahoe/Douglas,6/10/2016,Revision,,
Honeywell Technology Solutions Inc.,241,Pikes Peak/Teller,6/2/2016,Potential Downsize,,
Sanjel,54,Denver,5/31/2016,Closure,,
Sanjel,101,Weld,5/31/2016,Closure,,
Sports Authority,461,Arapahoe/Douglas,5/25/2016,Closing,,
Gaiam Inc.,34,Boulder,5/11/2016,Sale of Company,,
DAL Global Services,104,Denver,5/3/2016,Downsize,,
XIO Technologies,107,Pikes Peak/Teller,4/25/2016,Closure,,
Lake Region Medical - Layoffs 4/21 and or 4/24/16,19,Jefferson,4/11/2016,Closure,,
Lake Region Medical - Layoffs 5/19 and/or 5/22/16,26,Jefferson,4/11/2016,Closure,,
Lake Region Medical - Layoffs 5/5 and/or 5/8/16,31,Jefferson,4/11/2016,Closure,,
Lake Region Medical - Layoffs 6/2 and/or 6/5/16,28,Jefferson,4/11/2016,Closure,,
Baxter Healthcare,106,Arapahoe/Douglas,4/5/2016,Closure,,
Xerox Business Services,328,Pikes Peak/Teller,3/31/2016,Downsize,,
Tubular Repair,7,Rural Resort,3/19/2016,Potential Closure,,
Sky Hotel 39 Degrees Recinds Layoffs from 2/5/16 WARN,N/A,Rural Resort,3/18/2016,N/A,,
MYCOM North America,2,Arapahoe/Douglas,3/15/2016,Closure,,
WPX Energy,208,Rural Resort,3/10/2016,Closure,,
Jacobs Technology Inc - ETASS Group.,70,Pikes Peak/Teller,2/29/2016,Downsize,,
Bowie Resources LLC - Bowie Mine #2,102,Western,2/26/2016,Idle,,
Climax Molybdenum Co - Henderson Mine & Mill - REV#2,N/A,Jefferson,2/25/2016,Downsize,,
Sports Authority,72,Denver,2/23/2016,Closure,,
Vail Cascade,200,Rural Resort,2/17/2016,Job Attached,,
Honeywell,8,Pikes Peak/Teller,2/12/2016,Downsize,,
Startek,89,Pikes Peak/Teller,2/10/2016,Downsize,,
Leggett and Platt,62,Pikes Peak/Teller,2/5/2016,Closure,,
Sky Hotel 39 Degrees,91,Rural Resort,2/5/2016,Closure,,
All Web Leads Inc.,103,Denver,2/3/2016,Closure,,
Jones International University,28,Arapahoe/Douglas,1/31/2016,Closure,,
VMWare,38,Broomfield,1/26/2016,Downsize,,
VMWare,48,Pikes Peak/Teller,1/26/2016,Downsize,,
Climax Molybdenum Co - Henderson Mine & Mill - REV#1,210,Jefferson,1/25/2016,Downsize,,
Republic Airways Holdings,158,Denver,1/25/2016,Closure,,
Sprint,247,Arapahoe/Douglas,1/22/2016,Downsize,,
Concentrix,348,Boulder,1/18/2016,Closure,,
Walmart Store #3021,65,Arapahoe/Douglas,1/15/2016,Closure,,
Walmart Store #5002,78,Denver,1/15/2016,Closure,,
Safeway,98,Denver,1/4/2016,Closure,,
Climax Molybdenum Co - Henderson Mine & Mill -,200,Jefferson,11/3/2015,Job Attached,,
Northwest Pipe Company,65,Denver,7/12/2016,Closure,,
Jacobs Technology Inc - ETASS Group.,70,Pikes Peak/Teller,2/29/2016,Downsize,,
Jones International University,28,Arapahoe/Douglas,1/31/2016,Closure,,
VMWare,38,Broomfield,1/26/2016,Downsize,,
VMWare,48,Pikes Peak/Teller,1/26/2016,Downsize,,
Sprint,247,Arapahoe/Douglas,1/22/2016,Downsize,,
Walmart Store #3021,65,Arapahoe/Douglas,1/15/2016,Closure,,
Walmart Store #5002,78,Denver,1/15/2016,Closure,,
Safeway,98,Denver,1/4/2016,Closure,,
WPX Energy-Rev to 3/2/15,2,Denver,11/30/2015,Closure,,
Union Pacific Company,300,Denver,11/16/2015,Closure,,
Target Corporation - TCC Cooking Company LLC,241,Pikes Peak/Teller,11/13/2015,Closure,,
Fidelity Exploration & Production Company,106,Denver,11/4/2015,Closure,,
"Baker Hughes, Inc.",2,Adams County,11/3/2015,Downsize,,
Climax Molybdenum Company,200,Jefferson County,11/3/2015,Job Attached Layoff,,
Lockheed Martin,126,Pikes Peak/Teller,10/23/2015,Downsize,,
Baker Hughes Inc.,17,Adams County,9/30/2015,Downsize,,
Bowie Resources LLC,78,Western,9/30/2015,Downsize,,
Select Medical,68,Denver,9/25/2015,Closure,,
Qualcomm,158,Boulder,9/17/2015,Downsize,,
EOS CCA,60,Denver,9/15/2015,Closure,,
Western Forge,150,Pikes Peak/Teller,9/2/2015,Downsize,,
ECMC Group,137,Adams County,9/1/2015,Downsize,,
Quad/Graphics,151,Various Regions,8/27/2015,Closure,,
Baker Hughes Inc.,124,Adams County,8/12/2015,Downsize,,
Lockheed Martin-Rev to 7/20/15 WARN,N/A,Pikes Peak/Teller,8/6/2015,Downsize,,
Curian Capital,224,Denver,8/4/2015,Closure,,
Ouray Silver Mines,82,Western,8/4/2015,Job Attached Layoff,,
Moneygram Payment Systems Inc. (MPSI),1,Jefferson County,7/31/2015,Closure,,
KIRA,364,Pikes Peak/Teller,7/30/2015,Downsize,,
Diamond Wire Material Technologies,45,Pikes Peak/Teller,7/28/2015,Downsize,,
Lockheed Martin,119,Pikes Peak/Teller,7/20/2015,Downsize,,
Lockheed Martin,130,Pikes Peak/Teller,7/20/2015,Downsize,,
Sinton Dairy Foods Company/ Borden-Rev to 3/16/15,N/A,Pikes Peak/Teller,7/20/2015,Closure,,
UTI,10,Pikes Peak/Teller,7/17/2015,Closure,,
WPX Energy-Rev to 3/2/15,91,Denver,7/9/2015,Closure,,
Urban Fulfillment,265,Jefferson County,7/6/2015,Closure,,
Sinton Dairy Foods Company/ Borden-Rev to 3/16/15,N/A,Pikes Peak/Teller,7/1/2015,Closure,,
Intuit,59,Arapahoe/Douglas,6/25/2015,Downsize,,
Moneygram Payment Systems Inc. (MPSI),1,Jefferson County,6/14/2015,Closure,,
Albertsons #632,38,Mesa County,6/4/2015,Closure,,
Moneygram Payment Systems Inc. (MPSI),1,Jefferson County,5/31/2015,Closure,,
Newfield Exploration Company,91,Denver,5/28/2015,Closure,,
Moneygram Payment Systems Inc. (MPSI),1,Jefferson County,5/17/2015,Closure,,
Bayou Well Services,250,Weld,5/15/2015,Downsize,,
Sinton Dairy Foods Company/ Borden-Rev to 3/16/15,N/A,Pikes Peak/Teller,5/15/2015,Closure,,
Sinton Dairy Foods Company/ Borden-Rev to 3/16/15,N/A,Pikes Peak/Teller,5/11/2015,Closure,,
Pioneer Natural Resources,75,Denver,5/4/2015,Closure,,
Pioneer Natural Resources - Trinidad,102,Southeast,5/4/2015,Downsize,,
Moneygram Payment Systems Inc. (MPSI),8,Jefferson County,5/2/2015,Closure,,
Moneygram Payment Systems Inc. (MPSI),1,Jefferson County,5/1/2015,Closure,,
First Student,150,Mesa,4/30/2015,Closure,,
Moneygram Payment Systems Inc. (MPSI),1,Jefferson County,4/30/2015,Closure,,
Zenith Education Group,152,Adams County,4/29/2015,Downsize,,
Ambassadors Group,1,Denver,4/27/2015,Downsize,,
Linn Energy,52,Denver,4/15/2015,Closure,,
Capstone Logistics,69,Denver,4/3/2015,Downsize,,
Moneygram Payment Systems Inc. (MPSI),1,Jefferson County,4/1/2015,Closure,,
Moneygram Payment Systems Inc. (MPSI),4,Jefferson County,3/30/2015,Closure,,
MMC,64,Glendale,3/25/2015,Closure,,
Albertsons #8584,78,Pikes Peak/Teller,3/24/2015,Closure,,
Sinton Dairy Foods Company/ Borden,122,Pikes Peak/Teller,3/16/2015,Closure,,
WPX Energy,142,Denver,3/2/2015,Closure,,
Trulia,33,Denver,2/17/2015,Other,,
Staples,59,Arapahoe/Douglas,2/10/2015,Closure,,
Corinthian Colleges Inc./Everest College,214,Pikes Peak/Teller,1/30/2015,Closure,,
Moneygram Payment Systems Inc. (MPSI),7,Jefferson County,1/27/2015,Closure,,
Serco-NA,69,Pikes Peak/Teller,1/21/2015,Downsize,,
Frontier Airlines Inc.,1152,Denver,1/16/2015,Closure,,
K-Mart-Sears Distribution Center,103,Adams County,1/6/2015,Closure,,
Moneygram Payment Systems Inc. (MPSI),4,Jefferson County,1/6/2015,Closure,,
Iqor Inc.,251,Pueblo,1/2/2015,Downsize,,
