ID,Company name,City,ZIP,County,Est. Impact,LWDA,Date
GA201900061,"St. Partners, LLC",Gainesville,30504,Hall,220,2,12/21/2019
GA201900063,"Mount Vernon Mills, Inc.",Alto,30510,Banks,600,2,03/09/2020
GA201900064,Scandinavian Tobacco Group Lane Limited,Tucker,30084,Dekalb,113,5,03/17/2020
GA201900066,"Mahogany Interiors, LLC",Atlanta,30318,Fulton,2,3,02/01/2020
GA201900071,Cox Corporate Service,Atlanta,30326,Fulton,81,3,03/31/2020
GA201900072,"Shaw Industries Group, Inc. Plant 23",Dalton,30721,Whitfield,275,1,04/04/2020
GA201900073,Kindred Specialty Hospital LLC,Rome,30165,Floyd,78,1,04/06/2020
GA201900075,Express Parcel Service LLC,Smyrna,30082,Cobb,74,4,04/12/2020
GA201900076,Pacific Architects & Engineers (PAE),Albany,31704,Dougherty,200,17,03/10/2020
GA201900077,"ACTS-Aviation Security, Inc.",Atlanta,30320,Clayton,90,7,04/30/2020
GA201900079,Concentrix,Savannah,31419,Chatham,139,20,05/04/2020
GA201900083,Cincuenta llc,Atlanta,30317,Dekalb,38,5,03/19/2020
GA201900087,The Beginning Learning Center Inc.,Fort Valley,31030,Peach,13,11,03/16/2020
GA201900089,"Terri Woodward, Inc",Augusta,30907,Columbia,14,13,03/23/2020
GA201900091,"Global Concessions, Inc.",Atlanta,30337,Fulton,100,3,03/16/2020
GA201900093,"Global Concessions, II",Atlanta,30337,Fulton,100,3,03/16/2020
GA201900095,"Pot Likker Creations, LLC",Atlanta,30337,Fulton,100,3,03/16/2020
GA201900099,Firestone LLC,Newnan,30263,Coweta,36,8,03/17/2020
GA201900100,Nails Creation & Spa,Buford,30518,Hall,5,2,03/19/2020
GA201900102,Piolax Corporation,Canton,30114,Cherokee,359,7,03/23/2020
GA201900103,"RB Jackson III, PC",Midway,31320,Liberty,25,20,03/23/2020
GA201900107,Kale Me Crazy,Atlanta,30305,Fulton,15,3,03/19/2020
GA201900108,Concord Cafe Inc,Concord,30206,Pike,6,8,03/14/2020
GA201900109,All Kids First,Norcross,30071,Gwinnett,31,7,03/18/2020
GA201900110,"Dockside Fish, inc.",Savannah,31401,Chatham,20,20,03/23/2020
GA201900111,The Peachtree Club,Atlanta,30309,Fulton,9,3,03/13/2020
GA201900113,"Phoenix Art Projects,Inc.",ROSWELL,30076,Fulton,6,3,03/20/2020
GA201900114,37th St Cooking Inc,Savannah,31401,Chatham,45,20,03/22/2020
GA201900132,"Ranson, Inc",Macon,31210,Bibb,18,10,03/19/2020
GA201900133,"Monikey, LLC",Bonaire,31005,Houston,24,11,03/19/2020
GA201900141,G. C. of Albany Inc.,Albany,31707,Dougherty,71,17,03/19/2020
GA201900146,"Black Diamond Grill and Grill, Inc",Cumming,30041,Forsyth,38,2,03/23/2020
GA201900147,Punch Bowl Social,Atlanta,30339,Fulton,173,3,03/16/2020
GA201900149,Razor Sharp Recoreds South Inc.,Atlanta,30340,Dekalb,1,5,03/17/2020
GA201900151,Haven Manufacturing Corp,Brunswick,31525,Glynn,14,20,03/30/2020
GA201900152,Crestline Hotels & Resorts,Atlanta,30308,Fulton,113,3,03/20/2020
GA201900154,Crestline Hotels & Resorts,Atlanta,30329,Dekalb,126,5,03/20/2020
GA201900163,"Ramineni & Shepard, LLC",Marietta,30067,Cobb,21,4,03/25/2020
GA201900164,XPO Logistics Supply Chain Headquarters,Fairburn,30213,Fulton,226,3,05/31/2020
GA201900167,Airport Retail Management (ARM),Atlanta,30349,Clayton,196,7,03/13/2020
GA201900169,Pinnacle Orthopaedics & Sports Medicine Specialists,Marietta,30060,Cobb,50,4,03/25/2020
GA201900177,BJS ROASTERS,ATLANTA,30324,Fulton,10,3,03/19/2020
GA201900179,"Golden Gate America East, LLC",College Park,30337,Fulton,378,3,03/22/2020
GA201900180,R&J LUNCH BOX,KINGSLAND,31548,Camden,15,20,03/21/2020
GA201900182,"Gate Gourmet, Inc.",Atlanta,30354,Clayton,500,7,03/25/2020
GA201900184,"Master Creations, Inc.",Atlanta,30331,Fulton,4,3,03/17/2020
GA201900193,Old Town Trolley Tours,Savannah,31415,Chatham,168,20,03/25/2020
GA201900195,The Krimson Kafe,Watkinsville,30677,Oconee,4,9,03/21/2020
GA201900212,Salon de la Vie,Roswell,30075,Fulton,8,3,03/21/2020
GA201900213,AJs Payroll Inc,Newnan,30263,Coweta,80,8,03/18/2020
GA201900215,Baily International Inc,Waycross,31502,Ware,148,18,03/23/2020
GA201900216,"Divine Home Nursing, LLC",Cumming,30041,Forsyth,9,2,03/02/2020
GA201900217,"Absolute Entertainment, Inc",Milton,30004,Fulton,2,3,03/09/2020
GA201900218,MAXIMUM SOLUTIONS GROUP LLC,Pooler,31322,Chatham,10,20,03/18/2020
GA201900219,"Quixote Studios, LLC",Austell,30168,Cobb,10,4,03/20/2020
GA201900220,"Quixote Studios, LLC",Atlanta,30316,Fulton,13,3,03/20/2020
GA201900221,Personal Touch Salon,Gainesville,30506,Hall,1,2,03/19/2020
GA201900223,KAYBEE OF MACON INC,Macon,31201,Bibb,9,10,03/30/2020
GA201900224,Hunt Enterprises LLC,DAHLONEGA,30533,Lumpkin,2,2,03/19/2020
GA201900225,"America's Auto Auction Atlanta, Inc.",Cartersville,30120,Bartow,65,1,03/17/2020
GA201900228,Carol's Pampered Pets,savannah,31406,Chatham,4,20,03/25/2020
GA201900230,"Wencor Group, LLC",Peachtree City,30269,Fayette,160,7,03/27/2020
GA201900235,CTC FAM LLC,"Dunwoody, GA",30338,Dekalb,1,5,03/24/2020
GA201900239,new nails Salon,Vidalia,30474,Toombs,3,16,03/27/2020
GA201900255,"Drive Time Car Sales Company, LLC",Stockbridge,30281,Henry,128,7,03/30/2020
GA201900256,PEG Smyrna Property LLC,Sm\,30080,Cobb,10,4,03/23/2020
GA201900257,Paper Source,Alpharetta,30009,Fulton,10,3,03/29/2020
GA201900258,Paper Source,Atlanta,30306,Fulton,11,3,03/29/2020
GA201900260,Paper Source,Atlanta,30326,Fulton,8,3,03/29/2020
GA201900267,"Ritchey Enterprises, Inc.",Athens,30606,Clarke,1,9,04/01/2020
GA201900269,River Street Tavern Inc,Ellijay,30540,Gilmer,29,1,03/24/2020
GA201900271,Marriott Hotels & Resorts,Atlnta,30345,Dekalb,107,5,03/16/2020
GA201900274,M.D. Whitest Medical Institute,Cordele,31015,Crisp,7,15,03/25/2020
GA201900275,NDC Family Care Inc,Loganville,30052,Gwinnett,3,7,03/30/2020
GA201900276,GPC  Renovations,Monroe,30655,Walton,20,9,02/29/2020
GA201900278,Gigis Place Inc.,Covington,30016,Newton,17,9,03/27/2020
GA201900280,Jim n Nicks,Smyrna,30080,Cobb,41,4,03/16/2020
GA201900281,Jim n Nick's,Hiram,30141,Cobb,38,4,03/16/2020
GA201900282,"DAL Global Services, LLC",Hapeville,30354,Fulton,39,3,03/23/2020
GA201900283,"Focus Brands, LLC",Atlanta,30342,Fulton,136,3,03/27/2020
GA201900285,Gifted Creations Salon,Midway,31320,Liberty,2,20,03/25/2020
GA201900291,Daniel DeReuter,Dalton,30720,Whitfield,4,1,03/22/2020
GA201900296,Prohibition,SAVANNAH,31401,Chatham,42,20,03/18/2020
GA201900297,Alsco,Atlanta,30340,Dekalb,117,5,03/25/2020
GA201900298,Gutterglove South & Home Renovation,Marietta,30066,Cobb,22,4,04/03/2020
GA201900303,"MEAT DONE RIGHT, LLC",GRAYSON,30017,Gwinnett,24,7,03/24/2020
GA201900304,Barteca,Atlanta,30342,Dekalb,84,5,03/21/2020
GA201900305,Barteca,Atlanta,30307,Dekalb,86,5,03/21/2020
GA201900306,Barteca,Atlanta,30318,Dekalb,58,5,03/21/2020
GA201900307,"J ALLEN HENSON JR.,. DDS",Marietta,30064,Cobb,4,4,04/01/2020
GA201900308,Carestream Dental LLC,Atlanta,30339,Cobb,196,4,04/06/2020
GA201900309,Kai Kare LLC,Atlanta,30305,Fulton,34,3,03/16/2020
GA201900310,nhtllc,greensboro,30642,Greene,6,9,03/30/2020
GA201900311,Crestline Hotels & Resorts,Peachtree Corners,30092,Gwinnett,48,7,03/27/2020
GA201900312,"St Joseph Clinic, P.C.",DALTON,30720,Whitfield,13,1,04/06/2020
GA201900313,Emergency Dental Service LLC,Savannah,31406,Chatham,5,20,04/01/2020
GA201900315,"G2 Secure Staff, LLC",Atlanta,30354,Clayton,122,7,03/27/2020
GA201900316,Straight Line Roofing,Villa RIca,30180,Carroll,14,8,04/02/2020
GA201900317,A Book Nook Inc,Decatur,30033,Dekalb,17,5,04/01/2020
GA201900318,IMP Mechanical LLC,Fayetteville,30214,Fayette,16,7,03/12/2020
GA201900323,"The Martin-Brower Company, L.L.C.",East Point,30349,Fulton,84,3,04/07/2020
GA201900324,"Austrian Motors, Ltd",Atlanta,30318,Fulton,5,3,03/02/2020
GA201900326,Arizona's at Stonecrest,Lithonia,30038,Dekalb,60,5,03/23/2020
GA201900328,Coastal Center for Developmental Services,Savannah,31406,Chatham,132,20,04/02/2020
GA201900330,Complete Preservation Services INC (CPS INC),LAGRANGE,30241,Troup,1,8,03/20/2020
GA201900333,Daiohs First Choice Coffee Service,norcross,30071,Gwinnett,5,7,03/26/2020
GA201900334,hyacinta llc,lilburn,30047,Gwinnett,1,7,03/10/2020
GA201900336,Alert Limited Partnership,Brunswick,31521,Glynn,1,20,03/13/2020
GA201900338,handyman of villarica llc,villa rica,30180,Carroll,10,8,03/31/2020
GA201900339,Walmart,Atlanta,30349,Fulton,20,3,01/03/2020
GA201900342,RA Sushi Atlanta Midtown Corp.,Atlanta,30309,Fulton,94,3,04/02/2020
GA201900343,Asbury Automotive,Alpharetta,30009,Fulton,5,3,04/03/2020
GA201900344,Asbury Automotive,Alpharetta,30009,Fulton,16,3,04/03/2020
GA201900346,Accounting & Tax Service of Rome,Rome,30161,Floyd,1,1,02/28/2020
GA201900352,IH Services,Trion,30753,Chattooga,46,1,03/27/2020
GA201900354,Asbury Automotive,Atlanta,30350,Fulton,16,3,04/03/2020
GA201900355,Asbury Automotive,Atlanta,30360,Fulton,26,3,04/03/2020
GA201900356,Asbury Automotive,Cumming,30041,Forsyth,13,2,04/03/2020
GA201900358,Asbury Automotive,Decatur,30033,Dekalb,59,5,04/03/2020
GA201900359,Asbury Automotive,Lithonia,30038,Dekalb,21,5,04/03/2020
GA201900360,Asbury Automotive,Lithonia,30038,Dekalb,19,5,04/03/2020
GA201900362,Asbury Automotive,Lithonia,30038,Dekalb,49,5,04/03/2020
GA201900364,Asbury Automotive,Marietta,30060,Cobb,32,4,04/03/2020
GA201900366,Asbury Automotive,Marietta,30060,Cobb,38,4,04/03/2020
GA201900367,Asbury Automotive,Roswell,30076,Fulton,42,3,04/03/2020
GA201900368,Asbury Automotive,Roswell,30076,Fulton,54,3,04/03/2020
GA201900370,Asbury Automotive,Roswell,30076,Fulton,49,3,04/03/2020
GA201900371,Asbury Automotive,Smyrna,30080,Cobb,64,4,04/03/2020
GA201900372,Asbury Automotive,Union City,30291,Fulton,26,3,04/03/2020
GA201900373,Asbury Automotive,Union City,30291,Fulton,36,3,04/03/2020
GA201900374,Asbury Automotive,Union City,30291,Fulton,26,3,04/03/2020
GA201900376,Benevis Dental Practice Management Services,marietta,30067,Cobb,158,4,03/23/2020
GA201900377,Candler Road Dental PC,Marietta,30067,Cobb,175,4,03/23/2020
GA201900378,"B&O Joint Venture, LLC",Glynco,31520,Glynn,100,20,03/31/2020
GA201900379,Uncle Julios,Atlanta,30309,Fulton,73,3,03/19/2020
PA201900001,North American Dental Group,New Castle,16101,Lawrence,360,0,03/23/2020
GA201900382,"Art Carpet, LLC",Chatsworth,30705,Murray,10,1,04/02/2020
GA201900389,Floor Covering Installation,CARTERSVILLE,30120,Bartow,2,1,04/11/2020
GA201900391,Pinnacle Staffing,Villa Rica,30180,Carroll,50,8,03/30/2020
GA201900395,Kelsey Hayes,Flowery Branch,30542,Hall,386,2,03/23/2020
GA201900396,"Suit Supply (USA), Inc",Atlanta,30326,Fulton,28,3,03/29/2020
GA201900398,"Mindbody, Inc.",Atlanta,30363,Fulton,89,3,04/03/2020
GA201900399,Beeline Canada Accessories,Atlanta,30309,Fulton,12,3,04/04/2020
GA201900400,CR&G LLC,Dalton,30720,Whitfield,22,1,03/22/2020
GA201900401,MATCO INC,DALTON,30722,Whitfield,20,1,04/04/2020
GA201900402,"Direct Auction Services, LLC",Fairburn,30213,Fulton,58,3,03/20/2020
GA201900404,My Stir Fry,Alpharetta,30009,Fulton,15,3,03/18/2020
GA201900405,Larson-Juhl US LLC,Norcross,30093,Gwinnett,71,7,03/31/2020
GA201900407,Big Daddy's Southern Cuisine,Atlanta,30303,Fulton,7,3,03/17/2020
IL201900002,Prospect International Airport Services Corp.,Atlanta,30320,Clayton,113,7,03/18/2020
GA201900409,"Beasley Media Group, LLC",Augusta,30909,Richmond,25,12,04/01/2020
GA201900423,C3 Culinary Group LLC,Covington,30016,Newton,10,9,03/02/2020
GA201900425,Phelan Hallinan Diamond & Jones,Alpharetta,30022,Fulton,4,3,03/27/2020
GA201900427,The Family Y of the CSRA,Augusta,30907,Richmond,165,12,03/25/2020
GA201900428,The Family Y of the CSRA,Augusta,30906,Richmond,36,12,03/25/2020
GA201900429,The Family Y of the CSRA,Augusta,30901,Richmond,20,12,03/25/2020
GA201900430,The Family Y of the CSRA,Evans,30809,Columbia,57,13,03/25/2020
GA201900431,The Family Y of the CSRA,WRENS,30833,Jefferson,19,13,03/25/2020
GA201900432,tHE FAMILY Y OF THE CSRA,GROVETOWN,30813,Columbia,48,13,03/25/2020
GA201900433,THE FAMILYY OF THE CSRA,THOMSON,30824,McDuffie,49,13,03/25/2020
GA201900437,Apple American Group II LLC,Perry,31069,Peach,54,11,04/13/2020
GA201900442,IHG Army Hotels,Fort Benning,31905,Chattahoochee,53,14,04/03/2020
GA201900443,"Hooters of America, LLC",Atlanta,30339,Cobb,414,4,03/16/2020
GA201900445,Tech Posse Inc,Acworth,30102,Cherokee,7,7,01/01/2020
GA201900448,"The Finish Line, Inc.",Athens,30606,Clarke,13,9,04/12/2020
GA201900449,"The Finish Line, Inc.",Macon,31206,Bibb,10,10,04/12/2020
GA201900450,"The Finish Line, Inc.",Douglasville,30135,Douglas,28,7,04/12/2020
GA201900451,"The Finish Line, Inc.",Lithonia,30038,Dekalb,19,5,04/12/2020
GA201900452,Inspire Restaurant Group LLC,Atlanta,30312,Fulton,30,3,03/15/2020
GA201900453,"The Finish Line, Inc.",Gainesville,30501,Hall,12,2,04/12/2020
GA201900454,"The Finish Line, Inc.",Centerville,31028,Houston,21,11,04/12/2020
GA201900455,"The Finish Line, Inc.",Commerce,30529,Jackson,18,9,04/12/2020
GA201900456,"The Finish Line, Inc.",Lawrenceville,30043,Gwinnett,19,7,04/12/2020
GA201900457,"The Finish Line, Inc.",Atlanta,30326,Cobb,31,4,04/01/2020
GA201900458,"The Finish Line, Inc.",Atlanta,30346,Cobb,15,4,04/01/2020
GA201900459,"The Finish Line, Inc.",Alpharetta,30022,Fulton,4,3,04/01/2020
GA201900460,"The Finish Line, Inc.",Buford,30519,Gwinnett,12,7,04/01/2020
GA201900461,"The Finish Line, Inc.",Augusta,30909,Richmond,5,12,04/01/2020
GA201900462,"The Finish Line, Inc.",Savannah,31406,Chatham,2,20,04/01/2020
GA201900463,"The Finish Line, Inc.",Kennesaw,30144,Cobb,9,4,04/01/2020
GA201900464,"The Finish Line, Inc.",Atlanta,30339,Cobb,15,4,04/01/2020
GA201900465,"The Finish Line, Inc.",Morrow,30260,Clayton,16,7,04/01/2020
GA201900466,"The Finish Line, Inc.",Kennesaw,30144,Cobb,24,4,04/12/2020
GA201900467,"The Finish Line, Inc.",Alpharetta,30022,Fulton,11,3,04/12/2020
GA201900470,"The Finish Line, Inc.",Augusta,30909,Richmond,21,12,04/12/2020
GA201900471,"The Finish Line, Inc.",Savannah,31406,Chatham,14,20,04/12/2020
GA201900472,"The Finish Line, Inc.",Morrow,30260,Clayton,15,7,04/12/2020
GA201900473,"The Finish Line, Inc.",Atlanta,30339,Cobb,30,4,04/12/2020
GA201900474,"The Finish Line, Inc.",Burford,30519,Gwinnett,40,7,04/12/2020
GA201900475,Aqua Salon and Spa LLC,Martinez,30907,Columbia,8,13,03/28/2020
GA201900479,Stone Mountain Park,Stone Mountain,30087,Dekalb,52,5,04/20/2020
GA201900480,"Immediate Credit Recovery, Inc.",Kennesaw,30144,Cobb,145,4,03/27/2020
GA201900483,Elite Comfort Solutions,Newnan,30265,Coweta,8,8,04/08/2020
GA201900484,Elite Comfort Solutions,Newnane,30265,Coweta,1,8,04/08/2020
GA201900485,Elite Comfort Solutions,Americus,31719,Sumter,2,15,04/08/2020
GA201900487,Miguel Wilson Collection,Atlanta,30326,Fulton,10,3,03/18/2020
GA201900489,Primrose School Franchising Company LLC,Atlanta,30339,Cobb,59,4,04/06/2020
GA201900490,"Harlem Globetrotters International, Inc.",Peachtree Corners,30092,Gwinnett,175,7,04/20/2020
MD201900001,Alion Science and Technology,Hanover,21076,Anne Arundel,45,0,04/30/2020
GA201900493,PCAM LLC,Atlanta,30354,Fulton,100,3,03/25/2020
GA201900495,"Sysco Atlanta, LLC",College Park,30337,Fulton,176,3,03/27/2020
GA201900497,Kathy and Company LLC,Kennesaw,30152,Cobb,3,4,03/31/2020
GA201900502,Kabobs Acquisition  LLC,Lake City,30260,Clayton,175,7,03/13/2020
GA201900511,Miller Ale House,Alpharetta,30004,Fulton,45,3,03/21/2020
GA201900512,Augusta Sportswear Brands,Grovetown,30813,Columbia,141,13,03/23/2020
GA201900513,Miller's Ale House,McDonough,30253,Henry,110,7,03/21/2020
GA201900519,SAGE MONTESSORI,MARIETTA,30062,Cobb,7,4,04/01/2020
GA201900520,Mid Georgia Fire Safety,Eastman,31023,Dodge,4,16,03/10/2020
GA201900521,InterContinental Buckhead Atlanta,Atlanta,30326,Fulton,210,3,03/23/2020
GA201900522,Mt. Bailey Holdings LLC,Atlanta,30309,Fulton,109,3,03/23/2020
GA201900523,Safran Aerosystems,Peachtree City,30269,Henry,8,7,04/03/2020
GA201900525,Crestline Hotels & Resorts,Peachtree Corners,30092,Fulton,91,3,03/25/2020
GA201900526,Scholastic Book Fairs,Kennesaw,30152,Cobb,74,4,03/16/2020
GA201900527,Crowne Plaza Atlanta Airport,Atlanta,30344,Fulton,57,3,03/20/2020
GA201900529,Tower 3 Champions Retreat,Evans,30809,Columbia,45,13,03/26/2020
GA201900530,"Southern Exposure Technical Services, LLC",Acworth,30101,Paulding,4,1,04/27/2020
GA201900531,Stein Mart Distribution Center,Lithia Springs,30122,Douglas,121,7,03/31/2020
GA201900532,Perry Lane Hotel,Savannah,31401,Chatham,100,20,03/17/2020
GA201900534,"Greyhound Lines, Inc.",Atlanta,30303,Fulton,78,3,03/30/2020
GA201900537,"NP Bay Ventures, LLC",Savannah,31401,Chatham,27,20,03/20/2020
GA201900538,Gate Group,Atlanta,30354,Fulton,51,3,05/07/2020
GA201900539,"Flotel II, Inc.",Savannah,31401,Chatham,32,20,03/20/2020
GA201900540,"300 West Bay, LLC",Savannah,31401,Chatham,10,20,03/20/2020
GA201900541,Integrity Transformations Community Dev Corp,Atlanta,30318,Fulton,3,3,04/20/2020
GA201900543,Enterprise Holdings,College Park,30337,Clayton,73,7,04/30/2020
GA201900544,Enterprise Holdings,Sandy Springs,30328,Fulton,110,3,04/30/2020
GA201900545,Enterprise  Holdings,Norcross,30093,Gwinnett,232,7,04/30/2020
GA201900546,Coral Hospitality-GA LLC,Helen,30545,White,69,2,03/24/2020
GA201900547,"Coral Hospitality-GA, LLC",Young Harris,30582,Towns,173,2,03/24/2020
GA201900548,"Coral Hospitality-GA, LLC",Fort Gaines,39851,Clay,25,14,03/23/2020
GA201900549,"Coral Hospitality-GA, LLC",Cordele,31015,Crisp,124,15,03/23/2020
GA201900550,"Coral Hospitality-GA, LLC",McRae,31037,Telfair,26,16,03/23/2020
GA201900551,"Coral Hospitality-GA, LLC",Dawsonville,30534,Dawson,59,2,03/24/2020
GA201900554,Accurate reliable measurement,roberta,31078,Crawford,7,11,03/28/2020
GA201900556,Select Medical,Atlanta,30354,Fulton,60,3,04/17/2020
GA201900558,"Aludyne Columbus, LLC",Columbus,31904,Muscogee,166,14,04/27/2020
GA201900559,"Trophy & Gift Center, Inc.",Augusta,30904,Richmond,1,12,04/27/2020
GA201900560,Retrospective Salon LLC,Acworth,30101,Cobb,1,4,04/26/2020
GA201900563,The Hertz Corporation,College Park`,30337,Clayton,162,7,04/14/2020
GA201900568,Gate Gourmet,Atlanta,30354,Fulton,392,3,05/07/2020
GA201900569,Gate Gourmet,Atlanta,30354,Fulton,1429,3,05/07/2020
GA201900570,Gate Gourmet,Atlanta,30354,Fulton,180,3,05/07/2020
GA201900571,Asbury Automotive,Duluth,30096,Gwinnett,15,7,04/03/2020
GA201900572,Asbury Automotive,Alpharetta,30009,Fulton,10,3,04/03/2020
GA201900573,Asbury Automotive,Roswell,30076,Fulton,10,3,04/03/2020
GA201900575,"SodexoMagic, Delta Sky Club",Atlanta,30320,Clayton,246,7,04/17/2020
GA201900580,Havertys Furniture Companies,Braselton,30517,Jackson,122,9,04/30/2020
GA201900597,Parkway Products LLC,Marietta,30066,Cobb,58,4,05/01/2020
GA201900599,Gulfstream Aerospace Corporation,Savannah,31408,Chatham,650,20,05/01/2020
GA201900602,Regal Corporate Headquarters,Atlanta,30363,Fulton,43,3,03/17/2020
GA201900604,YKK U.S.A. Inc.,Macon,31217,Bibb,80,10,04/23/2020
GA201900605,BAC Local 8 SE,Atlanta,30312,Fulton,3,3,04/04/2020
GA201900610,Atrium Hospitality,Atlanta,30326,Fulton,145,3,03/12/2020
GA201900612,VMC Specialty Alloys LLC,Adairsville,30103,Bartow,120,1,05/09/2020
GA201900613,Vision Works (Alpharetta),Alpharetta,30022,Fulton,4,3,04/04/2020
GA201900614,Vision Works (Lithonia),Lithonia,30038,Dekalb,9,5,04/04/2020
GA201900615,Vision Works (Tucker),Tucker,30084,Dekalb,6,5,04/04/2020
GA201900616,Vision Works (Duluth),Duluth,30096,Gwinnett,9,7,04/04/2020
GA201900617,Vision Works (Kennesaw),Kennesaw,30144,Cherokee,10,7,04/04/2020
GA201900618,Vision Works (Cumberland Mall-Atlanta),Atlanta,30329,Fulton,6,3,04/04/2020
GA201900619,Vision Works (Buford),Buford,30519,Gwinnett,9,7,04/04/2020
GA201900620,Vision Works (Douglasville),Douglasville,30135,Douglas,12,7,04/04/2020
GA201900621,Vision Works (Fayetteville),Fayetteville,30214,Clayton,10,7,04/04/2020
GA201900622,Vision Works (Snellville),Snellville,30078,Gwinnett,10,7,04/04/2020
GA201900623,Vision Works (Canton),Canton,30114,Cherokee,3,7,04/04/2020
GA201900624,Vision Works (East Point),East Point,30344,Fulton,5,3,04/04/2020
GA201900625,Vision Works (Hiram),Hiram,30141,Paulding,7,1,04/04/2020
GA201900626,Vision Works (McDonough),McDonough,30253,Clayton,7,7,04/04/2020
GA201900627,Vision Works (Newnan),Newnan,30265,Coweta,9,8,04/04/2020
GA201900628,Vision Works (Cumming),Cumming,30041,Forsyth,5,2,04/04/2020
GA201900629,Vision Works (Columbus),Columbus,31909,Muscogee,3,14,04/04/2020
GA201900630,Vision Works (Savannah),Savannah,31406,Chatham,4,20,04/04/2020
GA201900631,Vision Works (Pooler),Pooler,31322,Chatham,6,20,04/04/2020
GA201900632,Vision Works (Warner Robbins),Warner Robbins,31093,Houston,2,11,04/04/2020
GA201900633,Vision Works (Athens),Athens,30606,Clarke,6,9,04/04/2020
GA201900634,Vision Works (August),Augusta,30909,Richmond,4,12,04/04/2020
GA201900635,Vision Works (Gainesville),Gainesville,30501,Hall,8,2,04/04/2020
GA201900636,Vision Works (Peachtree City),Peachtree City,30269,Fayette,3,7,04/04/2020
GA201900637,Vision Works (Macon),Macon,31210,Bibb,5,10,04/04/2020
GA201900638,Vision Works (Cartersville),Cartersville,30121,Bartow,6,1,04/04/2020
GA201900639,Bloomin Brands (Bonefish 1701),St. Simons Island,31522,Glynn,34,20,03/15/2020
GA201900641,Bloomin Brands (Bonefish 1702),Augusta,31522,Richmond,80,12,03/15/2020
GA201900642,Bloomin Brands (Bonefish 1703),Savannah,31405,Chatham,51,20,03/15/2020
GA201900643,Bloomin Brands (Bonefish 1704),Alpharetta,30005,Fulton,44,3,03/15/2020
GA201900644,Bloomin Brands (Bonefish 1705),Macon,31210,Bibb,72,10,03/15/2020
GA201900645,Bloomin Brands (Bonefish 1706),Snellville,30078,Gwinnett,58,7,03/15/2020
GA201900646,Bloomin Brands (Bonefish 1707),Buford,30519,Gwinnett,47,7,03/15/2020
GA201900647,Interfor US Inc,"Eatonton, GA",31024,Putnam,105,11,04/27/2020
GA201900648,Bloomin Brands (Bonefish 1709),Columbus,31909,Muscogee,48,14,03/15/2020
GA201900649,Bloomin Brands (Bonefish 1712),Atlanta,30339,Fulton,62,3,03/15/2020
GA201900650,Interfor US Inc,Bloomingdale,31302,Effingham,137,20,04/27/2020
GA201900651,Bloomin Brands (Carrabbas 1101),Macon,31210,Bibb,97,10,03/15/2020
GA201900652,Interfor US INC,Baxley,31513,Appling,162,16,04/27/2020
GA201900653,Bloomin Brands (Carrabbas 1102),Kennesaw,30144,Cobb,67,4,03/15/2020
GA201900654,Bloomin Brands (Carrabbas 1105),Atlanta,30339,Fulton,51,3,03/15/2020
GA201900655,Bloomin Brands (Carrabbas 1108),Morrow,30260,Clayton,86,7,03/15/2020
GA201900656,Bloomin' Brands (Outback 1114),Snellville,30078,Gwinnett,88,7,03/15/2020
GA201900657,Bloomin Brands (Carrabbas 1109),Augusta,30909,Richmond,71,12,03/15/2020
GA201900658,Bloomin Brands (Carrabbas 6110),Savannah,31419,Chatham,73,20,03/15/2020
GA201900660,Bloomin' Brands (Outback 1116),Athens,30606,Clarke,71,9,03/15/2020
GA201900661,Bloomin Brands (Carrabbas 6111),Columbus,31909,Muscogee,59,14,03/15/2020
GA201900662,Bloomin Brands (Carrabbas 6112),Duluth,30097,Gwinnett,73,7,03/15/2020
GA201900663,Bloomin Brands (Outback 1119),Kennesaw,30144,Cobb,82,4,03/15/2020
GA201900664,Bloomin Brands (Outback 1120),Douglasville,30135,Douglas,98,7,03/15/2020
GA201900665,Bloomin Brands (Outback 1121),Conyers,30012,Rockdale,85,7,03/15/2020
GA201900666,Bloomin Brands (Carrabbas 6113),Peachtree City,30269,Fayette,83,7,03/15/2020
GA201900667,Bloomin Brands (Carrabbas 6114),Athens,30306,Clarke,59,9,03/15/2020
GA201900668,Bloomin Brands (Carrabbas 6115),Atlanta,30346,Fulton,43,3,03/15/2020
GA201900669,Bloomin Brands (Carrabbas 6116),Douglasville,30135,Douglas,51,7,03/15/2020
GA201900670,Bloomin Brands (Carrabbas 6117),Cumming,30041,Forsyth,60,2,03/15/2020
GA201900671,Bloomin Brands (Flemings 2101),Atlanta,30346,Fulton,50,3,03/15/2020
GA201900672,Bloomin Brands (Outback 1113),Atlanta,30329,Fulton,73,3,03/15/2020
GA201900673,Bloomin Brands (Outback 1122),Suwanee,30024,Gwinnett,65,7,03/15/2020
GA201900674,Bloomin Brands (Outback 1123),Gainesville,30501,Hall,64,2,03/15/2020
GA201900675,Bloomin Brands (Outback 1124),Peachtree City,30269,Fayette,80,7,03/15/2020
GA201900676,Bloomin Brands (Outback 1125),Canton,30114,Cherokee,47,7,03/15/2020
GA201900677,Bloomin Brands (Outback 1126),Roswell,30075,Fulton,43,3,03/15/2020
GA201900679,Bloomin Brands (Outback 1128),Dalton,30720,Whitfield,75,1,03/15/2020
GA201900680,Bloomin Brands (Outback 1129),Cumming,30041,Forsyth,91,2,03/15/2020
GA201900681,Bloomin Brands (Outback 1130),Columbus,31904,Muscogee,63,14,03/15/2020
GA201900682,Bloomin Brands (Outback 1131),Augusta,30909,Richmond,94,12,03/15/2020
GA201900683,Bloomin Brands (Outback 1132),Macon,31210,Bibb,73,10,03/15/2020
GA201900684,Bloomin Brands (Outback 1133),Savannah,31419,Chatham,70,20,03/15/2020
GA201900685,Bloomin Brands (Outback 1134),Albany,31707,Dougherty,71,17,03/15/2020
GA201900686,Bloomin Brands (Outback 1135),Valdosta,31601,Lowndes,65,18,03/15/2020
GA201900687,Bloomin Brands (Outback 1137),Warner Robins,31093,Houston,74,11,03/15/2020
GA201900688,Bloomin Brands (Outback 1170),Stockbridge,30281,Henry,96,7,03/15/2020
GA201900689,Bloomin Brands (Outback 1171),Rome,30161,Floyd,82,1,03/15/2020
GA201900690,Bloomin Brands (Outback 1173),Atlanta,30346,Fulton,53,3,03/15/2020
GA201900691,Bloomin Brands (Outback 1174),Commerce,30529,Jackson,56,9,03/15/2020
GA201900692,Bloomin Brands (Outback 1175),Alpharetta,30022,Fulton,70,3,03/15/2020
GA201900694,Trinity Industries Inc.,Cartersville,30121,Bartow,138,1,05/12/2020
GA201900696,The Staffing People,Americus,31709,Sumter,36,15,04/24/2020
GA201900698,"LAZ Parking Georgia, LLC",Atlanta,30305,Fulton,298,3,03/18/2020
GA201900699,Sodexo (Middle GA State University),Cochran,31014,Laurens,97,16,05/15/2020
GA201900700,GDOTS Inc,Statham,30666,Barrow,2,9,03/20/2020
GA201900704,Cox Automotive,Atlanta,30331,Fulton,181,3,05/17/2020
GA201900705,Cox Automotive,Atlanta,30319,Dekalb,76,5,05/17/2020
GA201900706,Cox Automotive,Atlanta,30328,Fulton,118,3,05/17/2020
GA201900707,Cox Automotive,Atlanta,30328,Fulton,344,3,05/17/2020
GA201900708,Cox Automotive,College Park,30349,Clayton,160,7,05/17/2020
GA201900709,Brittany Maids Ltd,Atlanta,30329,Dekalb,38,5,05/18/2020
GA201900713,Barcelona Wine Bar,Atlanta,30318,Fulton,53,3,03/18/2020
GA201900714,Buhler Quality Yarns Inc,Jefferson,30549,Jackson,69,9,04/13/2020
GA201900715,Barcelona Wine Bar,Atlanta,30307,Fulton,70,3,03/18/2020
GA201900717,Czarnowski,Austell,30168,Cobb,318,4,05/19/2020
GA201900718,"Four Seasons Hotels Corporate Services, Inc.",Atlanta,30345,Dekalb,1,5,04/07/2020
GA201900722,Master Tech Augusta,Augusta,30909,Richmond,2,12,04/04/2020
GA201900723,Renaissance Atlanta Midtown Hotel,Atlanta,30308,Fulton,78,3,03/17/2020
GA201900725,"Nth Degree, Inc.",Duluth,30096,Gwinnett,35,7,06/08/2020
GA201900727,Imagine That INC,Peachtree Corners,30092,Gwinnett,5,7,03/23/2020
GA201900728,Exide Technologies,Milton,30004,Fulton,298,3,07/21/2020
GA201900735,"Merritt Hospitality, LLC (The Hotel at Avalon)",Alpharetta,30009,Fulton,157,3,05/21/2020
GA201900736,"Jim's Formal Wear, LLC",Lithia Springs,30122,Cobb,44,4,03/20/2020
GA201900737,Woodstock Pain Solutions,woodstock,30189,Cherokee,4,7,05/25/2020
GA201900738,"Merritt Hospitality, LLC (Hilton Atlanta Airport)",Atlanta,30354,Fulton,86,3,05/26/2020
GA201900739,"Williamson Fire Protection, LLC",Ellenwood,30294,Dekalb,10,5,03/27/2020
GA201900741,Spiffy Clean Of Liberty,Carrollton,30116,Carroll,1,8,05/01/2020
GA201900743,The Educational Commission for Foreign Med. Grad.,College Park,30337,Fulton,91,3,06/12/2020
GA201900745,The Ritz-Carlton Hotel Co LLC,Atlanta,30303,Fulton,294,3,03/21/2020
GA201900746,LH Atlanta Hotel Corp LLC,Atlanta,30309,Fulton,159,3,05/27/2020
GA201900747,Hyatt Corporation,Savannah,31401,Chatham,97,20,03/15/2020
GA201900749,"Merritt Hospitality, LLC/Sheraton Atlanta Downtown",Atlanta,30303,Fulton,192,3,05/22/2020
GA201900751,Hyatt Corporation,Atlanta,30305,Fulton,121,3,06/05/2020
GA201900752,"Global Experience Specialists, Inc. (GES)",Lithia Springs,30122,Douglas,94,7,03/01/2020
GA201900753,"ON Services-AV Specialists, Inc.",Norcross,30071,Gwinnett,128,7,03/01/2020
GA201900756,"SW Hotels & Resorts WW, LLC (Westin Savannah)",Savannah,31421,Chatham,244,20,03/21/2020
GA201900757,"Marriott Hotel Services, Inc. (Atl Airport)",Atlanta,30337,Fulton,229,3,03/17/2020
GA201900758,The Ritz-Carlton Hotel Co LLC,Greensboro,30642,Greene,440,9,03/16/2020
GA201900759,"Marriott Hotel Services, Inc. (Midtown)",Atlanta,30309,Fulton,77,3,03/14/2020
GA201900761,"Marriott Hotel Services, Inc. (Buckhead)",Atlanta,30326,Fulton,156,3,03/15/2020
GA201900764,"Marriott Hotel Services, Inc. (Alpharetta)",Alpharetta,30005,Fulton,112,3,03/21/2020
GA201900765,"SW Hotels & Resorts WW, LLC (W Atlanta Downtown)",Atlanta,30308,Fulton,161,3,03/28/2020
GA201900766,Diamond Crystal Brands Inc.,Savannah,31405,Chatham,211,20,08/08/2020
GA201900767,"Renaissance Hotel Mgmt Co, LLC (Atl Airport)",Atlanta,30337,Fulton,86,3,03/17/2020
GA201900768,"Avanos Medical, Inc. (NeoMed, Inc.)",Woodstock,30188,Cherokee,17,7,08/05/2020
GA201900771,SW Hotels & Resort (W Atlanta Midtown),Atlanta,30361,Fulton,212,3,03/14/2020
GA201900773,"Merritt Hospitality, LLC (Westin Atl Perimeter)",Atlanta,30328,Fulton,97,3,05/20/2020
GA201900776,"SW Hotels & Resorts WW, LLC (The St. Regis Atl.)",Atlanta,30305,Fulton,243,3,03/14/2020
GA201900777,"Marriott Hotel Services, Inc. (Stone Mountain Inn)",Stone Mountain,30083,Dekalb,22,5,03/14/2020
GA201900778,Marriott Hotel Svs. (Atlanta Evergreen Marriott),Stone Mountain,30083,Dekalb,237,5,03/14/2020
GA201900780,Pier 1 Imports (Savannah-Knowlton),Savannah,31407,Chatham,139,20,08/31/2020
GA201900782,Crowne Plaza Atlanta Perimeter at Ravinia,Atlanta,30346,Dekalb,114,5,03/27/2020
GA201900785,Wellbridge (Concourse Athletic Club),Atlanta,30328,Fulton,177,3,03/22/2020
GA201900786,"Merritt Hospitality, LLC (Chateau Elan)",Braselton,30517,Gwinnett,108,7,06/06/2020
GA201900788,Starwood Hotels & Resorts WW LLC (W Atl Buckhead),Atlanta,30326,Fulton,115,3,03/14/2020
GA201900790,"Marriott Hotel Services, Inc (Atlanta Marquis)",Atlanta,30303,Fulton,784,3,03/14/2020
GA201900791,Renaissance Atlanta Waverly Hotel (Galleria),Atlanta,30339,Cobb,253,4,03/21/2020
GA201900792,"SW Hotels & Resorts WW, LLC-Westin Atlanta",Atlanta,30303,Fulton,468,3,03/21/2020
GA201900793,ABM Aviation Inc. (Delta Airlines),Atlanta,30337,Clayton,170,7,05/31/2020
GA201900796,"Merritt Hospitality, LLC-Westin Buckhead",Atlanta,30326,Fulton,125,3,05/20/2020
GA201900797,"Merritt Hospitality, LLC (The Whitley Hotel)",Atlanta,30326,Fulton,184,3,06/05/2020
GA201900800,T-Mobile,Peachtree Corners,30092,Gwinnett,79,7,06/16/2020
GA201900801,The Hertz Corporation,College Park`,33928,Fulton,2,3,08/17/2020
GA201900802,Marriott International Shared Services,Atlanta,30339,Fulton,96,3,04/04/2020
GA201900803,"City Winery Atlanta, LLC",Atlanta,30308,Fulton,130,3,06/21/2020
GA201900804,HPI,Alpharetta,30005,Fulton,98,3,08/19/2020
GA201900807,Gildan,Columbus,31907,Muscogee,154,14,08/21/2020
GA201900809,SHONEY'S OF LAVONIA/Witherall Enterprises,CARNESVILLE,30521,Franklin,18,3,03/22/2020
GA201900810,"Conagra Brands, Inc.",Sylvester,31791,Worth,119,17,08/28/2020
GA201900813,"DMAC81, LLC",Augusta,30909,Richmond,23,12,03/23/2020
GA201900815,"Aramark Educational Services, LLC (GA Gwinnett)",Lawrenceville,30043,Gwinnett,139,7,06/26/2020
GA201900816,"Freeman Expositions, LLC",Atlanta,30318,Fulton,47,3,06/30/2020
GA201900817,"The Freeman Company, LLC",Atlanta,30318,Fulton,15,3,06/30/2020
GA201900818,"Carestream Dental Partnership, LLC",Atlanta,30339,Cobb,29,4,08/25/2020
GA201900821,GMTH Enterprises,Mcdonough,30253,Henry,3,7,01/13/2020
GA201900822,Jacobson Warehouse Company,Forest Park,30297,Clayton,175,7,08/21/2020
GA201900839,"Aramark Educational Services, LLC (GSW State Univ)",Americus,31709,Sumter,69,15,07/01/2020
GA202000005,Levy Premium Foodservice Limited (GWCC),Atlanta,30313,Fulton,371,3,08/01/2020
GA201800068,PBR VENTURES INC,ATLANTA,30324,Dekalb,1,5,10/31/2018
GA201800069,"Engineered Floors, LLC",Gainesville,30504,Hall,103,2,3/18/2019
GA201800070,Beasley Forest Products,Sandersville,31082,Washington,21,13,1/18/2019
GA201800073,Husqvarna,McRae,31055,Telfair,1093,16,3/15/2019
GA201800074,Eclipse Advantage LLC,Forest Park,30297,Clayton,97,7,3/29/2019
GA201800076,Cerner Corporation,Augusta,30912,Richmond,129,12,3/31/2019
GA201800077,"Worldpay, LLC",Atlanta,30363,Fulton,234,3,3/31/2019
GA201800078,Georgia Pacific LLC,Brunswick,31525,Glynn,120,20,4/2/2019
GA201800081,Kellogg Company,Atlanta,30336,Fulton,20,3,4/26/2019
GA201800082,"Animatics & Storyboards, Inc.",Fayetteville,30215,Fayette,2,7,2/1/2019
GA201800084,SERENITY DOMINICAN HAIR STUDIO LLC,SNELLVILLE,30039,Gwinnett,1,7,12/31/2018
GA201800085,ABM Aviation,Atlanta,30320,Clayton,1121,7,4/12/2019
GA201800086,"Jacobson Warehouse Company, Inc.",Fairburn,30213,Fulton,48,3,3/31/2019
GA201800087,Richmond Baking,Alma,31510,Bacon,150,18,3/22/2019
GA201800088,The RAD Group,Atlanta,30305,Fulton,10,3,4/22/2019
GA201800089,"Vanquish Worldwide, LLC",Fort Stewart,31314,Liberty,199,20,4/30/2019
GA201800091,Concentrix CVG Corporation,Columbus,31901,Muscogee,106,14,4/30/2019
GA201800092,Facet Technologies,Atlanta,30344,Fulton,119,3,3/1/2019
GA201800093,General Motors LLC,Roswell,30076,Hart,231,2,2/28/2019
GA201800095,Exide Technologies,Columbus,31906,Muscogee,251,14,3/1/2019
GA201800097,"Shaw Industries Group,Inc. Plant 84",Chatsworth,30705,Murray,260,1,5/12/2019
GA201800098,OMNIPLEX World Services,Fort Gordon,30905,Richmond,151,12,4/30/2019
GA201800105,That's Tasty,Morrow,30260,Clayton,87,7,5/26/2019
GA201800108,"Faltec America, Inc.",Adairsville,30103,Bartow,46,1,6/3/2019
GA201800112,Yanfeng Global Automotive Interiors,West Point,31833,Harris,71,14,6/24/2019
GA201800113,BIG ATLANTA TRADING INC,DORA,30340,Dekalb,2,5,2/28/2019
GA201800116,Mohawk,Lyerly,30730,Chattooga,249,1,6/30/2019
GA201800117,LLOVERA SERVICE INC,SILVER CREEK,30173,Floyd,1,1,4/30/2019
GA201800118,"Sodexo, Inc.",Atlanta,30332,Fulton,278,3,6/30/2019
GA201800119,"Aramark Educational Services, LLC",Atlanta,30317,Fulton,416,3,6/30/2019
GA201800120,DHL Supply Chain,Union City,30349,Fulton,85,3,7/15/2019
GA201800121,PLZ Aeroscience Corporation,Dalton,36072,Whitfield,83,1,7/15/2019
GA201800122,The SYGMA Network,Newnan,30265,Coweta,129,8,7/22/2019
GA201800125,"Gildan Yarns, LLC",Columbus,31904,Muscogee,97,14,7/28/2019
GA201800126,"BGA Enterprises, LLC",Jeffersonville,31044,Bibb,3,10,6/1/2019
GA201800127,"Z Gallerie, LLC",Lithia Springs,30122,Douglas,52,7,6/30/2019
GA201800128,Arcadia Group (USA) Limited,Atlanta,30326,Fulton,39,3,6/19/2019
GA201800129,Georgia-Pacific Panel Products LLC,Thomson,30824,McDuffie,95,13,8/4/2019
GA201800130,Nathan Howard,Savannah,31419,Chatham,1,20,6/7/2019
GA201800131,"Overgaard, Inc.",Martinez,30907,Columbia,2,13,6/1/2019
GA201800133,Hollander Sleep Products,Thomson,30824,McDuffie,175,13,8/16/2019
GA201800134,Valmiera Glass USA Corp.,Dublin,31021,Laurens,350,16,6/17/2019
GA201800139,"TIYA Support Services, LLC",Fort Benning,31905,Muscogee,168,14,8/31/2019
GA201900005,Philips Respironics Inc,Kennesaw,30144,Cobb,71,4,7/31/2019
GA201900006,CoStar Group,Atlanta,30305,Fulton,119,3,9/9/2019
GA201900007,CoStar Group,Atlanta,30326,Fulton,54,3,9/27/2019
GA201900009,ABM Aviation,Atlanta,30337,Fulton,202,3,9/15/2019
GA201900011,Kellogg Company,Atlanta,30336,Fulton,108,3,10/10/2019
GA201900012,"Fred's, Inc.",Dublin,31021,Laurens,83,16,9/28/2019
GA201900014,General Produce LLC,Conley,30288,Clayton,93,7,8/12/2019
GA201900015,WestRock-Atanta East,Lithonia,30058,Dekalb,34,5,10/1/2019
GA201900016,Nestle U.S.A.,Lawrenceville,30043,Gwinnett,111,7,10/18/2019
GA201900017,"Mohawk Industries, Inc.",Milledgeville,31061,Baldwin,198,11,10/26/2019
GA201900019,ITW Automotive Body & Fuel NA,LaGrange,30241,Troup,87,8,10/1/2019
GA201900020,Cox Media Group,Atlanta,30328,Fulton,87,3,10/29/2019
GA201900022,"TIYA Support Services, LLC.",Fort Benning,31905,Chattahoochee,160,14,10/31/2019
GA201900023,"Fred's, Inc.",Dublin,31021,Laurens,101,16,11/9/2019
GA201900024,255 peter;s street lounge,atlanta,30313,Fulton,50,3,9/8/2019
GA201900025,Golden & Golden,Waynesboro,30830,Burke,1,12,8/25/2019
GA201900029,Inpax Final Mile Delivery,Smyrna,30082,Cobb,100,4,12/1/2019
GA201900030,Inpax,Atlanta,30316,Fulton,62,3,12/1/2019
GA201900031,"Brill, Inc.",Tucker,30084,Dekalb,240,5,12/9/2019
GA201900034,Gulfstream,Savannah,31402,Chatham,362,20,10/15/2019
GA201900035,Waste Management National Transportation Services,Carnesville,30521,Franklin,69,3,12/20/2019
GA201900037,YING AND TONG INC,ROME,30165,Floyd,2,1,10/31/2019
GA201900040,kellett and sons roofing llc,Barnesville,30204,Lamar,1,8,10/28/2019
GA201900042,Club Chef Southeast LLC,Conley,30288,Clayton,112,7,10/23/2019
GA201900043,Philips Respironics Inc,Kennesaw,30144,Cobb,80,4,12/31/2019
GA201900045,ICOT Holdings LLC,Savannah,31401,Chatham,74,20,1/7/2020
GA201900047,Cabot Corporation,Alpharetta,30022,Fulton,67,3,1/17/2019
GA201900048,Ryder System,Augusta,30906,Richmond,50,12,1/13/2020
GA201900049,Colorado Premium,Carrollton,30117,Carroll,206,8,1/15/2020
GA201900050,Resolute Forest Products,Augusta,30906,Richmond,150,12,1/13/2020
GA201900051,Concentrix Corporation,Valdosta,31605,Lowndes,85,18,1/17/2020
GA201900052,Challenger Turf Inc,Dalton,30721,Whitfield,58,1,11/25/2019
GA201900054,Southern Crescent Behavioral Health System,Stockbridge,30281,Henry,167,7,1/25/2020
GA201900057,Steel Services Co,Macon,31206,Bibb,15,10,12/20/2019
,Walmart,Marietta,30090,Cobb,69,4,1/5/2018
,Zenith,Atlanta,30331,Fulton,46,3,1/8/2018
,Popeyes,Atlanta,30346,Dekalb,30,5,1/12/2018
,Greenway Health,Atlanta,30339,Cobb,24,4,1/12/2018
,Greenway Health,Carrollton,30117,Carroll,96,8,1/12/2018
,Textron,Augusta,30906,Richmond,60,12,1/23/2018
,Cahaba,Douglasville,30135,Douglas,27,7,1/28/2018
,"Denim North America, LLC",Columbus,31907,Muscogee,125,14,1/28/2018
,MWI Animal Health,Atlanta,30336,Fulton,47,3,1/30/2018
,Amports,Brunswick,31525,Glynn,24,20,1/31/2018
,Penny's Pampered Petsitting,Marietta,30062,Cobb,1,4,1/31/2018
,Conifer Health Solutions,Savannah,31404,Chatham,158,20,2/3/2018
,Comcast,Alpharetta,30022,Fulton,405,3,2/26/2018
,Coca-Cola,Alpharetta,30022,Fulton,1,3,2/28/2018
,Coca-Cola,Atlanta,30313,Fulton,47,3,2/28/2018
,Coca-Cola,Atlanta,30313,Fulton,5,3,2/28/2018
,Walmart,Lithonia,30058,Dekalb,83,5,3/16/2018
,Sam's Club,Lithonia,30058,Dekalb,196,5,3/16/2018
,ASM Research,Dublin,31021,Laurens,28,16,3/27/2018
,Gap Partners,Rabun Gap,30568,Rabun,64,2,3/29/2018
,Mitsui O.S.K.Lines,Atlanta,30339,Cobb,112,4,3/30/2018
,First Data Remitco,Columbus,31907,Muscogee,83,14,3/31/2018
,Bank of America,Kennesaw,30144,Cobb,103,4,4/3/2018
,Darwood Manufacturing Co.,Pelhan,31779,Mitchell,144,17,4/16/2018
,"Arrow Electronics, Inc.",Smyrna,30082,Cobb,38,4,4/27/2018
,Convergys,Valdosta,31605,Lowndes,211,18,4/30/2018
,Coca-Cola,Atlanta,30313,Fulton,231,3,4/30/2018
,Georgia Pacific,Augusta,30906,Richmond,55,12,4/30/2018
,Transdev On Demand,Rome,30165,Floyd,98,1,5/1/2018
,DHL,Union City,30291,Fulton,498,3,5/3/2018
,IFCO,McDonough,30253,Henry,130,7,5/4/2018
,Sodexo,Savannah,31419,Chatham,89,20,5/11/2018
,Toys R Us,McDonough,30252,Henry,244,7,5/14/2018
,Toyota of Union City,Union City,30291,Fulton,100,3,5/15/2018
,US HealthWorks,Alpharetta,30005,Fulton,70,3,5/30/2018
,Merchants Foodservice,Tifton,31793,Tift,72,18,5/31/2018
,Distribution South,Alma,31510,Bacon,66,18,6/1/2018
,"Tyson Foods, Inc.",Dawson,39842,Terrell,300,17,6/2/2018
,XPO Logistics,Fayetteville,30215,Fayette,53,7,6/10/2018
,Maurice Sporting Goods,McDonough,30253,Henry,105,7,6/22/2018
,NCR,Columbus,31907,Muscogee,255,14,12/31/2018
,Anthem,Savannah,31405,Chatham,78,20,6/30/2018
,Conifer Health Solutions,LaGrange,30240,Troup,55,8,6/30/2018
,Aramark,Canton,30114,Cherokee,180,7,6/30/2018
,Sodexo,Tifton,31793,Tift,71,18,6/30/2018
,Whole Foods Market,Braselton,30517,Jackson,53,9,7/2/2018
,Parsec,Atlanta,30318,Fulton,206,3,7/2/2018
GA2017000001C,State Farm Insurance Companies,Dunwoody,30346,Dekalb,95,5,8/31/2018
,EG Industries,Austell,30168,Cobb,125,4,7/9/2018
,"Rivulis Irrigation, Inc.",Valdosta,31601,Lowndes,70,18,7/15/2018
GA2017000002C,Mayfield Dairy (Dean Foods),Braselton,30517,Gwinnett,108,7,9/16/2018
GA2017000004L,"Voith Paper Fabrics Waycross, LLC",Waycross,31503,Ware,53,18,9/17/2018
,"Owens-Brockway Glass Container, Inc.",Atlanta,30354,Fulton,256,3,7/18/2018
GA2017000006L,Siffron,Centerville,31028,Houston,53,11,9/30/2018
GA2017000007L,Morrison Healthcare (Food Service Div),Atlanta,30303,Fulton,162,3,7/31/2018
GA201800001,Georgia Pacific,Monticello,31064,Jasper,100,9,10/1/2018
,Chestatee Regional Hospital,Dahlonega,30533,Lumpkin,141,2,7/26/2018
GA201800002,"Alorica, Inc.",Kennesaw,30144,Cherokee,635,7,8/31/2018
GA201800005,Belks,Atlanta,30326,Fulton,99,3,7/31/2018
,NCR,Columbus,31907,Muscogee,94,14,10/31/2018
GA201800006,Anchor Glass,Warner Robins,31088,Houston,145,11,10/1/2018
,Sykes,Rome,30165,Floyd,181,1,7/31/2018
GA201800007,ActionMed Personnel,Thomasville,31792,Thomas,265,17,9/1/2018
GA201800008,Clean Break Cleaning Co.,DOUGLASVILLE,30135,Douglas,4,7,8/3/2018
,Crowne Plaza Atlanta Perimeter at Ravinia,Atlanta,30346,Dekalb,61,5,8/6/2018
GA201800009,James Michael Burns OD,Marietta,30066,Cobb,2,4,6/30/2018
,"Hollander Sleep Products, LLC",Thompson,30824,McDuffie,225,13,8/17/2018
GA201800016,"Bob McCormick and Associates, Inc",ATLANTA,30342,Fulton,1,3,8/2/2018
GA201800019,Bank of America,Atlanta,30337,Fulton,100,3,11/24/2018
GA201800022,"Trane U.S., Inc.",Macon,31216,Bibb,132,10,12/31/2018
GA201800024,Spillers Inc,Covington,30014,Newton,1,9,6/5/2018
CA201800001,"GIGYA, INC",MOUNTAIN VIEW,94043,Santa Clara,1,0,9/30/2018
GA201800026,"Freeland Harris Consulting Engineers of Georgia, Inc.",Tucker,30084,Dekalb,3,5,7/31/2018
GA201800027,"Legal Sea Foods, LLC",Atlanta,30313,Fulton,78,3,12/18/2018
GA201800029,IG Design Group - Americas,Midway,31320,Liberty,70,20,12/18/2018
GA201800030,"Respironics, Inc.",Kennesaw,30144,Cobb,350,4,4/30/2019
GA201800031,Tenneco,Hartwell,30643,Hart,564,2,5/1/2019
GA201800033,Childcare Network of GA LLC,Columbus,31909,Muscogee,146,14,1/1/2019
GA201800034,"HomeBridge Financial Services, Inc.",Kennesaw,30144,Cobb,125,4,12/31/2018
GA201800035,Solo Cup Operating Corporation,Augusta,30904,Richmond,139,12,12/31/2018
GA201800037,"Conifer Revenue Cycle Solutions, LLC",Atlanta,30312,Fulton,83,3,12/31/2018
GA201800038,"Conifer Revenue Solutions, LLC",Roswell,30076,Fulton,54,3,12/31/2018
GA201800039,"Conifer Revenue Cycle Solutions, LLC",Marietta,30066,Cobb,176,4,12/31/2018
GA201800040,"Conifer Revenue Cycle Solutions, LLC",Marietta,30060,Cobb,123,4,12/31/2018
GA201800041,"Conifer Revenue Cycle Solutions, LLC",Griffin,30224,Spalding,60,8,12/31/2018
GA201800042,"Conifer Revenue Cycle Solutions, LLC",Austell,30106,Cobb,88,4,12/31/2018
GA201800043,"XPO Logistics Worldwide, Inc.",Midland,31820,Muscogee,75,14,2/28/2018
GA201800044,"Aptim Federal Several Services, LLC",Fort Benning,30190,Chattahoochee,152,14,1/1/2019
GA201800045,Super Service,Ellenwood,30049,Dekalb,158,5,1/1/2019
GA201800046,"Wall Timber Products, Inc.",Sylvania,30467,Screven,275,20,11/5/2018
GA201800051,Georgia-Pacific Wood Products LLC,Warm Springs,31830,Meriwether,321,8,12/17/2018
GA201800052,Mattex USA Manufacturing LLC,CHATSWORTH,30705,Murray,140,1,1/19/2019
GA201800054,Sodexo-Atlanta Medical Center,Atlanta,30312,Fulton,81,3,11/18/2018
GA201800056,Polycycle Solutions LLC,Newnan,30265,Coweta,17,8,12/28/2018
GA201800059,ABM,30313,30313,Fulton,144,3,1/1/2019
GA201800060,ABM,Atlanta,30313,Fulton,32,3,1/1/2019
,Trinity Rail,Cartersville,30121,Bartow,298,1,01/08/2017
,Sears Holding Corporation,Stone Mountain,30083,Dekalb,48,5,01/12/2017
,Americold Logistics LLC,Forest Park,30297,Clayton,31,7,01/23/2017
,DAL Global Services,Atlanta,30354,Fulton,52,3,02/01/2017
,Remington Outdoor Company,Kennesaw,30144,Cobb,23,4,02/10/2017
,Whole Food Market,Roswell,30076,Fulton,149,3,02/12/2017
,"CAN Capital, Inc.",Kennesaw,30144,Cobb,136,4,02/13/2017
,Bin Tech,Duluth,30098,Gwinnett,108,7,02/17/2017
,Whole Food Market,Augusta,30909,Richmond,70,12,02/22/2017
,Kenco,Fairburn,30213,Fulton,71,3,02/27/2017
,Windstream Communications,Atlanta,30309,Fulton,55,3,03/01/2017
,Macy's,Athens,30606,Clarke,81,9,03/06/2017
,Walmart,Marietta,30064,Cobb,68,4,03/17/2017
,Burris Logistics,Atlanta,30349,Fulton,167,3,03/20/2017
,Boeing,Macon,31216,Bibb,18,10,03/24/2017
,Suniva,Norcross,30092,Gwinnett,131,7,03/29/2017
,Swift Spinning,Columbus,31907,Muscogee,20,14,03/29/2017
,Siemens Healthineers,Duluth,30097,Gwinnett,70,7,03/31/2017
,Newell Brands,Atlanta,30349,Fulton,258,3,03/31/2017
,bebe,Atlanta,30339,Fulton,13,3,03/31/2017
,bebe,Atlanta,30346,Dekalb,12,5,03/31/2017
,Exel,Social Cirlce,30025,Walton,280,9,04/08/2017
,Macy's ,Stone Mountain,30083,Dekalb,133,5,04/16/2017
,Standard Textile,Augusta,30904,Richmond,30,12,05/01/2017
,Perdue Foods,Gainesville,30507,Hall,60,2,05/01/2017
,Monroe County Hospital,Forsyth,31029,Monroe,120,11,05/08/2017
,Walmart,Roswell,30075,Fulton,68,3,05/12/2017
,Sheraton Atlanta Airport Hotel,Atlanta,30337,Fulton,145,3,05/12/2017
,International Fragrance & Tech bda Agilex Frangrances ,Canton,30115,Cherokee,32,7,05/19/2017
,NexLinx,Duluth ,30096,Gwinnett,236,7,05/21/2017
,bebe,Buford,30519,Gwinnett,8,7,05/27/2017
,bebe,Kennesaw,30144,Cobb,11,4,05/27/2017
,bebe,Atlanta,30326,Fulton,19,3,05/27/2017
,hhgregg,Ellenwood,30294,Dekalb,58,5,05/31/2017
,Zep Inc,Atlanta,30318,Fulton,88,3,06/01/2017
,Zep Inc,Atlanta,30336,Fulton,70,3,06/01/2017
,"Pro Source, Inc.",Atlanta,30341,Dekalb,85,5,06/04/2017
,PFG Customized Distribution,Austell,30168,Cobb,170,4,06/06/2017
,Bechtel Infrastructure and Power Corporation,Smyrna,30080,Cobb,73,4,06/09/2017
,Popeyes,Atlanta,30346,Dekalb,81,5,06/19/2017
,Walmart,Alpharetta,30009,Fulton,73,3,06/23/2017
,Dollar Express,Lake City,30260,Clayton,8,7,06/30/2017
,Dollar Express,Columbus,31907,Muscogee,5,14,06/30/2017
,Dollar Express,Stone Mountain,30083,Dekalb,7,5,06/30/2017
,Dollar Express,Decatur ,30032,Dekalb,8,5,06/30/2017
,Dollar Express,Decatur ,30034,Dekalb,11,5,06/30/2017
,Dollar Express,Decatur ,30034,Dekalb,11,5,06/30/2017
,Dollar Express,Norcross,30071,Gwinnett,8,7,06/30/2017
,Dollar Express,Atlanta,30315,Fulton,9,3,06/30/2017
,Dollar Express,Atlanta,30310,Fulton,7,3,06/30/2017
,Dollar Express,Atlanta,30350,Fulton,5,3,06/30/2017
,Dollar Express,Atlanta,30310,Fulton,12,3,06/30/2017
,Dollar Express,Atlanta,30311,Fulton,11,3,06/30/2017
,Dollar Express,Atlanta,30329,Fulton,9,3,06/30/2017
,Dollar Express,Atlanta,30315,Fulton,12,3,06/30/2017
,Millwood ,Atlanta,30336,Fulton,97,3,06/30/2017
,Aramark (Albany State University),Albany,31705,Dougherty,97,17,06/30/2017
,Sodexo ,Atlanta,30317,Fulton,372,3,06/30/2017
,General Dynamics Mission Systems,Fort Gordon,30905,Richmond,122,12,07/11/2017
,Source Medical,Rome,30161,Floyd,18,1,07/12/2017
,YP LLC,Tucker,30084,Dekalb,50,5,07/14/2017
,Coca-Cola ,Atlanta,30308,Fulton,59,3,07/15/2017
,Coca-Cola,Atlanta,30313,Fulton,28,3,07/15/2017
,Coca-Cola,Atlanta,30313,Fulton,334,3,07/15/2017
,Boeing,Macon,31216,Bibb,5,10,07/21/2017
,Kellogg's ,Union City,30349,Fulton,181,3,07/29/2017
,AngioDynamics,Manchester,31816,Meriwether,79,8,07/31/2017
,JC Penney,Macon,31206,Bibb,75,10,07/31/2017
,"CAN Capital, Inc.",Kennesaw,30144,Cobb,55,4,07/31/2017
,B & B Bacrach,Buford,30519,Gwinnett,7,7,08/06/2017
,B & B Bacrach,Atlanta,30326,Fulton,5,3,08/06/2017
,Golden State Foods,Conyers,30013,Rockdale,94,7,08/20/2017
,DSC Logistics,Atlanta,30349,Fulton,109,3,08/22/2017
,DS Services,Mableton ,30126,Cobb,46,4,08/25/2017
,ExpressJet Airlines,Atlanta,30354,Fulton,50,3,08/28/2017
,Sodexo ,Lawrenceville,30043,Gwinnett,63,7,08/31/2017
,WestRock,Atlanta,30318,Fulton,71,3,08/31/2017
,Crawford & Company,Atlanta,30328,Dekalb,13,5,09/01/2017
,Ricoh Logistics,Lawrenceville,30043,Gwinnett,50,7,09/29/2017
,Husqvarna Group,Swainsboro,30401,Emanuel,113,16,10/01/2017
,Menzies Aviation,Atlanta,30354,Fulton,298,3,10/10/2017
,Lockheed Martin Missiles and Fire Control,Warner Robins,31098,Houston,88,11,10/10/2017
,Bombardier Aircraft Services ,Macon,31216,Bibb,89,10,10/19/2017
,"American Transitional Hospitals,LLC dba Select Specialty Hospital",Atlanta,30308,Fulton,116,3,10/20/2017
,HAECO American Airframe Services,Macon,31216,Bibb,161,10,11/06/2017
,Kmart,Mableton,30126,Cobb,90,4,11/12/2017
,"ABM Aviation, Inc",Atlanta,30320,Fulton,1179,3,11/15/2017
,WestRock,Lithia Springs,30122,Douglas,57,7,11/27/2017
,Tiya,Fort Benning,31905,Chattahoochee,264,14,11/30/2017
,Aptim,Fort Benning,31905,Chattahoochee,175,14,11/30/2017
,Invista,Athens,30601,Clarke,52,9,12/12/2017
,Athena Healthcare,Atlanta,30308,Fulton,61,3,12/18/2017
,Mastec,Atlanta,30339,Cobb,53,4,12/29/2017
,GE Power,Atlanta,30339,Cobb,20,4,12/29/2017
,Corix ,Lawrenceville,30046,Gwinnett,53,7,12/30/2017
,Coca-Cola,Atlanta,30308,Fulton,46,3,12/31/2017
,Coca-Cola,Atlanta,30313,Fulton,5,3,12/31/2017
,Coca-Cola,Atlanta,30313,Fulton,128,3,12/31/2017
,Omnova Solutions,Calhoun,30701,Gordon,30,1,01/01/2016
,Ryder Integrated Logistics,Macon,31216,Bibb,124,10,01/09/2016
,TigerDirect Inc,Jefferson,30549,Jackson,30,9,01/17/2016
,SYX Distribution Inc,Jefferson,30549,Jackson,99,9,01/17/2016
,"Rockmart Healthcare and Rehabilitation, LLC",Rockmart,30151,Polk,92,1,01/20/2016
,WestRock,Atlanta,30318,Fulton,66,3,01/20/2016
,INPAX Shipping Solutions,Atlanta,30315,Fulton,37,3,01/23/2016
,Express,Rome,30161,Floyd,24,1,01/30/2016
,GA State University,Atlanta,30302,Dekalb,25,5,02/02/2016
,Berry Plastics,Morrow,30260,Gwinnett,102,7,02/03/2016
,JCG Farms,Rockmart,30153,Polk,35,1,02/07/2016
,Hanna and Associates,Marietta,30069,Cobb,200,4,02/10/2016
,Road America Motor Club,Columbus,31903,Muscogee,285,14,02/12/2016
,Genco,McDonough,30253,Henry,88,7,02/14/2016
,Advance Auto Parts,Atlanta,30336,Fulton,8,3,02/16/2016
,South State Bank,Martinez,30907,Richmond,91,12,02/17/2016
,McKesson Medical/Surgical,Kennesaw,30144,Cobb,30,4,02/18/2016
,"Masterack, Division of Leggett & Platt",Atlanta,30316,Fulton,121,3,02/29/2016
,American Residential Properties,Atlanta,30342,Fulton,2,3,02/29/2016
,Procter & Gamble,Augusta,30906,Richmond,0,12,03/01/2016
,O-BASF,Gordon,31031,Wilkinson,134,11,03/03/2016
,"World Class Distribution, Inc. ",Suwanee,30024,Gwinnett,24,7,03/07/2016
,"Full Steam Staffing, LLC",Suwanee,30024,Gwinnett,200,7,03/07/2016
,"Caterpillar, Inc. ",Thomasville,31792,Thomas,210,17,03/08/2016
,Mycom North America,Roswell,30076,Fulton,11,3,03/10/2016
,"Delta Global Services, LLC.",Atlanta,30320,Fulton,275,3,03/15/2016
,"Carbo Ceramics, Inc.",Toomsboro,31090,Wilkinson,45,11,03/15/2016
,Sears  ,Rome,30165,Floyd,45,1,03/20/2016
,Technicolor Home Entertainment Services Southeast ,Kennesaw,30144,Cobb,63,4,03/23/2016
,Kocher + Beck,Suwanee,30024,Forsyth,60,2,03/25/2016
,Metropolitan Atlanta Rapid Transit Authority (MARTA),Atlanta,30324,Fulton,371,3,03/25/2016
,"Americold Logistics, LLC.",McDonough,30253,Henry,43,7,04/15/2016
,"DB Schenker, Inc. ",Augusta,30906,Richmond,27,12,04/23/2016
,Chartwells,Valdosta,31698,Lowndes,225,18,04/29/2016
,Hancock Fabrics,Rome,30165,Floyd,12,1,04/30/2016
,"Aramark Educational Services, LLC",Carrollton ,30118,Carroll,234,8,04/30/2016
,Maslow Media Group,Atlanta,30339,Fulton,1,3,04/30/2016
,Georgia Department of Agriculture ,Atlanta,30334,Fulton,52,3,05/01/2016
,Concentrix Corporation,Norcross,30092,Gwinnett,454,7,05/07/2016
,"Bellsouth Telecommunications, LLC",Columbus,31901,Muscogee,75,14,05/17/2016
,American Hospice/Embracing Hospice,Atlanta ,30342,Fulton,49,3,05/20/2016
,Maplehurst Bakeries  ,Carrollton ,30117,Carroll,140,8,05/21/2016
,"Reliant Transportation, inc.",Savannah,31415,Chatham,720,20,05/27/2016
,Spartan Nash,Statesboro,30458,Bulloch,60,20,05/28/2016
,W. S. Badcock Corporation Distribution Center,Thomson,30824,McDuffie,48,13,05/31/2016
,Butler (Formerly Evercare),Waynesboro,30830,Burke,42,12,05/31/2016
,Amrep/ZepInc,Marietta,30062,Cobb,74,4,06/01/2016
,"Caterpillar, Inc. ",Toccoa,30577,Stephens,70,2,06/01/2016
,North Georgia Medical Center,Ellijay,30540,Gilmer,38,1,06/06/2016
,Sports Authority,McDonough,30253,Henry,104,7,06/10/2016
,Maplehurst Bakeries  ,Carrollton ,30117,Carroll,0,8,06/30/2016
,"Superior Manufacturing Group, Inc.",Calhoun,30701,Gordon,40,1,06/30/2016
,Fibrant,Augusta,30901,Richmond,285,12,06/30/2016
,Resolute Forest Products,Augusta,30906,Richmond,96,12,07/05/2016
,WellStar,Marietta,30062,Cobb,521,4,07/09/2016
,TriEpiz Lab Group LLC,Oklahama City,73107,Fulton,5,3,07/28/2016
,Kmart,Rome,30161,Floyd,87,1,07/31/2016
,"Augusta Service Company, Inc. ",Agusuta,30901,Richmond,21,12,07/31/2016
,"Benchmark Brands, Inc. ",Atlanta,30309,Fulton,156,3,08/11/2016
,Capital City Bank,Waynesboro,30830,Burke,8,12,08/19/2016
,Core Logic,Atlanta,30328,Fulton,36,3,08/29/2016
,Ditech ,Kennesaw,30144,Cobb,80,4,09/21/2016
,GENCO,McDonough,30253,Henry,100,7,09/22/2016
,Crawford and Company,Atlanta,30319,Dekalb,21,5,09/30/2016
,Albany State Univeristy,albany,31705,Dougherty,55,17,09/30/2016
,EchoStar Technologies LLC.,Atlanta,30346,Dekalb,137,5,10/01/2016
,Tyonek Services Group,warner robins,31098,Houston,85,11,10/07/2016
,Beaulieu America,Dalton ,30720,Whitfield,75,1,10/23/2016
,Gossen,Cartersville,30121,Bartow,50,1,10/24/2016
,Barrette Outdoor Living LLC.,Pendergrass,30567,Jackson,73,9,10/28/2016
,"Sam Dong Georgia, Inc. ",Waynesboro,30830,Burke,56,12,10/28/2016
,KPS Global,Conyers,30013,Rockdale,123,7,10/31/2016
,"Talenti Gelato, LLC",Marietta,30062,Cobb,234,4,11/04/2016
,Holiday Inn Atlanta Perimeter,Atlanta,30341,Dekalb,43,5,11/20/2016
,Shaw Plant M3,Fitgerald ,31750,Ben Hill,210,18,11/21/2016
,Advantage Behavioral Health,Athens,30601,Clarke,16,9,11/28/2016
,Hawker Beechcraft,Atlanta,30341,Dekalb,42,5,11/30/2016
,Experience Works,Forest Park,30297,Clayton,7,7,12/01/2016
,Coca-Cola European Partners,Atlanta,30339,Cobb,89,4,12/15/2016
,Southeast Service Corporation,Auburn,30011,Barrow,98,9,12/16/2016
,The Boeing Company/Macon,Macon,31216,Bibb,39,10,12/16/2016
,New Point Media Group,Lawrenceville,30046,Gwinnett,74,7,12/16/2016
,Plastic Omnium,Norcross,30093,Gwinnett,83,7,12/19/2016
,Athena Healthcare,Atlanta,30308,Fulton,49,3,12/30/2016
,"CDK Global, LLC",Augusta,30901,Richmond,61,12,12/31/2016
,Corizon Health,Atlanta,30318,Fulton,208,3,12/31/2016
,Corizon Health,Lawrenceville,30043,Gwinnett,120,7,12/31/2016
,Gold Creek Foods,Gainesville,30504,Hall,250,2,1/2/2015
,Spears Mattress Company,Rome,30161,Floyd,80,1,1/2/2015
,Lockheed Martin Corp Info System  Global Solutions,Fort Benning,31724,Muscogee,74,14,1/14/2015
,Generation Mortgage Company,Atlanta,30305,Fulton,64,3,1/15/2015
,"Johnson Controls, Inc. ",West Point,31833,Troup,103,8,1/16/2015
,General Electric Power and Water,Duluth,30096,Gwinnett,250,7,1/23/2015
,Quad Graphics,Atlanta,30340,Dekalb,110,5,2/1/2015
,Remington Outdoor Company,Kennesaw,30144,Cobb,34,4,2/15/2015
,Litho-Krome ,Midland,31820,Muscogee,46,14,2/18/2015
,Imerys Oilfield Minerals ,Andersonville,31711,Schley,63,15,2/26/2015
,Sony,Atlanta,30305,Fulton,100,3,2/27/2015
,Remington Outdoor Company,Lawrenceville,30043,Gwinnett,28,7,2/28/2015
,Nordstrom,Buford,30519,Gwinnett,174,7,2/28/2015
,Briggs and Stratton Co. ,McDonough,30253,Henry,447,7,3/1/2015
,"Carbo Ceramics, Inc.",McIntyre,31054,Wilkinson,58,11,3/5/2015
,"Infosys McCamish Systems, LLC.",Atlanta,30339,Fulton,61,3,3/6/2015
,Trulite Glass Company,Lithia Springs,30122,Douglas,87,7,3/8/2015
,Triton Digital,Kennesaw,30144,Cobb,51,4,3/11/2015
,L-3 Army Sustainment Division/RASM-E Program,Savannah,31409,Chatham,82,20,3/20/2015
,Sitel,Augusta,30906,Richmond,677,12,3/23/2015
,Insteel Wire Products ,Newnan,30265,Carroll,20,8,3/30/2015
,Kmart Distribution Center/Forest Park,Forest Park,30297,Clayton,150,7,3/31/2015
,Generation Mortgage Company,Atlanta,30305,Fulton,25,3,3/31/2015
,Fresenius Medical Care,Macon,31210,Bibb,32,10,4/3/2015
,JC Penny,Dalton ,30721,Whitfield,85,1,4/4/2015
,Sears Holdings Corporation,Newnan,30265,Coweta,164,8,4/10/2015
,"Tyson Farms, Inc.",Dawson,99999,Terrell,70,17,4/10/2015
,Lockheed Martin Corporation Information Systems & Global Solutions ,Fort Benning,31724,Muscogee,68,14,4/12/2015
,"Affinity Specialty Apparel, Inc.  ",Atlanta,30336,Fulton,76,3,4/15/2015
,Smead Manufacturing Company,Locust Grove,30248,Henry,150,7,4/21/2015
,Kmart Distribution Center/Newnan,Newnan,30265,Coweta,130,8,4/30/2015
,Meda Pharmaceuticals,Atlanta,30339,Cobb,21,4,4/30/2015
,GA Student Finance Commission,Tucker,30084,Dekalb,25,5,4/30/2015
,International Auto Processing,Brunswick,31523,Glynn,65,20,4/30/2015
,AIG,Alpharetta,30022,Fulton,365,3,5/1/2015
,Moriah Services LLC.,Rome,30165,Floyd,33,1,5/1/2015
,Emory Healthcare,Fayetteville,30215,Fayette,57,7,5/15/2015
,United Airlines,Atlanta,30320,Clayton,87,7,5/17/2015
,"New Breed Leasing of New Jersey, Inc. ",Atlanta,30336,Fulton,89,3,5/26/2015
,"Tyson Farms, Inc.",Buena Vista,31803,Marion,190,15,5/29/2015
,The Intown Academy,Atlanta,30308,Fulton,60,3,5/29/2015
,QSI Sanitation,Buena Vista,31803,Marion,35,15,5/29/2015
,DBHDD/Central State Hospital ,Milledgeville,31062,Baldwin,72,11,5/31/2015
,Kongsberg Automotive,Swainsboro,30401,Emanuel,180,16,6/1/2015
,Staples,Austell,30168,Cobb,150,4,6/5/2015
,Hancock-Able Services LLC,Hapeville,30354,Fulton,135,3,6/5/2015
,CNH Industrial ,Calhoun,30701,Gordon,94,1,6/12/2015
,Kellogg Columbus Bakery,Columbus,31903,Muscogee,271,14,6/13/2015
,Community Action for Improvement ,LaGrange,30241,Troup,200,8,6/19/2015
,"Gill Industries, Inc.",Trenton,30752,Dade,30,1,6/29/2015
,Macon-Bibb EOC,Macon,31201,Bibb,150,10,6/30/2015
,First Student ,Savannah,31415,Chatham,564,20,6/30/2015
,Sodexo,Kennesaw,30144,Cobb,167,4,6/30/2015
,Hubbel Power Systems,Buford,30518,Hall,21,2,7/24/2015
,Generation Mortgage Company,Atlanta,30309,Fulton,76,3,7/31/2015
,Vectrus,Fort Benning,31905,Muscogee,540,14,8/9/2015
,ALOG Corporation,Fort Benning ,31905,Muscogee,159,14,8/9/2015
,"Office Depot, Inc.",Smyrna,30082,Cobb,75,4,8/14/2015
,CoStar Group,Norcross,30092,Gwinnett,79,7,8/18/2015
,DeKalb County Government ,Decatur,30030,Dekalb,88,5,8/27/2015
,CNH Industrial ,Calhoun,30701,Gordon,120,1,8/28/2015
,Tatitlek Corporation,Suwanee,30024,Gwinnett,22,7,8/31/2015
,Kaplan,Alpharetta,30022,Fulton,77,3,9/1/2015
,"DS Services of America, Inc.  ",Flowery Branch,30542,Hall,139,2,9/5/2015
,"DSM Chemical North America, LLC",Augusta,30901,Richmond,32,12,9/14/2015
,Yanfeng Automotive Interiors ,West Point,31833,Troup,39,8,9/28/2015
,Silverleaf Resorts,Buford,30519,Gwinnett,186,7,9/28/2015
,World Marketing Atlanta,Smyrna,30082,Cobb,105,4,9/28/2015
,Delta Global Services,Atlanta,30320,Clayton,117,7,10/1/2015
,Garda World,Smyrna,30001,Cobb,56,4,10/3/2015
,"Shaw Industries Group, Inc. ",Bainbridge,39817,Decatur,267,17,10/15/2015
,Hutcheson Medical Center,Fort Oglethorpe,30742,Catoosa,169,1,10/15/2015
,"Chubby's Chicken Fingers & More, LLC",Valdosta,31602,Lowndes,33,18,10/25/2015
,DermaTran Health Solutions,Rome,30165,Floyd,12,1,10/31/2015
,Colson Group,Newnan,30265,Coweta,55,8,11/1/2015
,GENCO,Pendergrass,30567,Jackson,65,9,11/5/2015
,Aramark,Atlanta,30315,Fulton,1078,3,11/15/2015
,Triple Crown Services,East Point,99999,Fulton,240,3,11/17/2015
,Kellogg Columbus Bakery,Columbus,31903,Muscogee,99,14,11/20/2015
,Navitor Southeast ,Alto,30510,Habersham,71,2,11/30/2015
,Huntsman Corps Pigments,Cartersville,30120,Barrow,9,9,12/1/2015
,Quad/Graphics,Evans,30809,Columbia,225,13,12/3/2015
,"Daiichi Sankyo, Inc.",Duluth,30097,Gwinnett,20,7,12/11/2015
,Saddle Creek Logistics Services,Lithia Springs,30122,Douglas,112,7,12/12/2015
,Gulfstream,Savannah,31402,Chatham,349,20,12/15/2015
,Gannett Publishing Service,Atlanta,30336,Fulton,34,3,12/27/2015
,Barclays Capital,Atlanta,30326,Fulton,11,3,12/28/2015
,Sparton Corporation,Lawrenceville,30043,Gwinnett,82,7,12/31/2015
,Esterline Technologies Company,Duluth,30097,Gwinnett,65,7,12/31/2015
