County/Parish,"WARN
No.",Notice Date,Received Date,Effective Date,Company,No. Of Employees,Address
Randolph County,202000001,1/6/2020,1/6/2020,1/31/2020,Mas US Holdings Inc,124,601 E Pritchard St  Asheboro NC 27203
Wake County,202000002,1/8/2020,1/9/2020,3/8/2020,Whole Foods Market Southern Region - BakeHouse,102,2800 Perimeter Park Drive Suite C Morrisville NC 27560
Mecklenburg County,202000004,1/22/2020,1/23/2020,4/1/2020,Sunshine Cleaning Systems,280,5501 Josh Birmingham Pkwy Charlotte NC 28208
Chatham County,202000006,1/30/2020,1/30/2020,4/1/2020,Arauco NA,75,985 Corinth Road  Moncure NC 27559
Mecklenburg County,202000005,1/30/2020,1/30/2020,3/31/2020,"Continuum Global Solutions, LLC",428,2745-A Whitehall Park  Charlotte NC 28273
Wake County,202000007,2/6/2020,2/10/2020,4/9/2020,"Plaza Associates, Inc",15,2840 Plaza Pl # 100  Raleigh NC 27612
Wake County,202000007,2/6/2020,2/10/2020,4/9/2020,"Plaza Associates, Inc",100,4325 Glenwood Avenue  Raleigh NC 27612
Pitt County,202000008,2/11/2020,2/12/2020,4/11/2020,"CWI, Inc.",52,5398 Martin Luther King Junior Highway  Greenville NC 27834
Pitt County,202000008,2/11/2020,2/12/2020,4/11/2020,"CWI, Inc.",52,601 Stanton Road  Greenville NC 27834
Wake County,202000009,2/10/2020,2/12/2020,7/17/2020,JCPenney,81,"4217 Six Forks Road Suite 100
Raleigh NC 27609"
Mecklenburg County,202000010,2/12/2020,2/13/2020,4/12/2020,"Express Parcel Service, LLC",51,3830 Parrott Drive  Charlotte NC 28214
Onslow County,202000011,2/10/2020,2/13/2020,3/10/2020,PAE - Marine Depot Maintenance Command,50,MCB Camp Lejeune  Holly Ridge NC 28445
Mecklenburg County,202000012,2/13/2020,2/14/2020,4/16/2020,Delivery Force,24,4525 Statesville Avenue  Charlotte NC 28269
Buncombe County,202000013,2/17/2020,2/17/2020,2/17/2020,Earth Fare,104,66 Westgate Pkwy  Asheville NC 28806
Henderson County,202000013,2/17/2020,2/17/2020,2/17/2020,Earth Fare,116,220 Continuum Drive  Fletcher NC 28732
Yancey County,202000014,2/14/2020,2/19/2020,4/23/2020,Hickory Springs Mfg Co,65,435 Hickory Springs Road  Burnsville NC 28714
Cumberland County,202000015,2/21/2020,2/24/2020,4/13/2020,Mundy Service Corporation,55,3500 Cedar Creek Road  Fayetteville NC 28312
Rowan County,202000016,2/27/2020,2/27/2020,3/27/2020,PARKDALE PLANT 23,88,100 S. MAIN ST  Landis NC 28088-
Wake County,202000017,2/28/2020,3/3/2020,4/30/2020,Liberty Healthcare Corporation,130,"5540 Centerview Drive Suite 114
Raleigh NC 27606"
Anson County,202000019,3/4/2020,3/4/2020,5/8/2020,Walmart Store 1127,205,"2004 US Highway 74 W  Wadesboro
NC 28170"
Richmond County,202000018,3/4/2020,3/4/2020,5/1/2020,Richmond Speciality Yarns LLC,76,1748 N US Highway 220  Ellerbe NC 28338
Robeson County,202000020,3/4/2020,3/4/2020,5/8/2020,Walmart Store #7217,80,2503 W 5th St  Lumberton NC 28358
Guilford County,202000021,3/9/2020,3/9/2020,5/11/2020,Deluxe Corp,221,3703 Farmington Dr  Greensboro NC 27407
Alamance County,202000023,3/16/2020,3/16/2020,4/22/2020,Lemco Mills Inc,57,766 Koury Dr  Burlington NC 27215
Mecklenburg County,202000025,3/18/2020,3/18/2020,3/18/2020,BLT Steak Charlotte - COVID19,57,110 N College St  Charlotte NC 28202
Dare County,202000027,3/19/2020,3/19/2020,3/20/2020,Sanderling Resort - COVID19,81,1461 Duck Road  Kitty Hawk NC 27949
Guilford County,202000026,3/19/2020,3/19/2020,3/18/2020,Quaintance-Weaver - COVID19,700,"324 W Wendover Ave # 300 Suite 320
Greensboro NC 27408"
Mecklenburg County,202000024,3/18/2020,3/19/2020,3/17/2020,"CE Rental, Inc. - COVID19",7,600 Phillip Davis Dr  Charlotte NC 28217
Wake County,202000029,3/19/2020,3/19/2020,3/18/2020,New World Concepts COVID19,120,220 Dominion Dr # A  Morrisville NC 27560
Wake County,202000028,3/19/2020,3/20/2020,3/17/2020,"Trans States Airlines, LLC - COVID19",13,1725 E. International Drive  Morrisville NC 27560
Wake County,202000030,3/20/2020,3/20/2020,3/20/2020,"CE Rental, Inc COVID19",47,"3006 Industrial Drive Suite 110
Raleigh NC 27609"
Anson County,202000031,3/20/2020,3/21/2020,3/20/2020,CAROLINA EYE ASSOCIATES P A COVID19,2,310 North Greene Street  Wadesboro NC 28170
Cumberland County,202000031,3/20/2020,3/21/2020,3/20/2020,CAROLINA EYE ASSOCIATES P A COVID19,8,"1991 Fordham Drive Suite 301
Fayetteville NC 28304"
Durham County,202000032,3/20/2020,3/21/2020,9/7/2020,"Imperial Hotel Group, Inc. d/b/a Sheraton Imperial Hotel-Con. - COVID19",207,4700 Emperor Blvd  Durham NC 27703
Forsyth County,202000031,3/20/2020,3/21/2020,3/20/2020,CAROLINA EYE ASSOCIATES P A COVID19,9,725 Highland Oaks Drive Suite 101 Winston Salem NC 27103
Guilford County,202000031,3/20/2020,3/21/2020,3/20/2020,CAROLINA EYE ASSOCIATES P A COVID19,20,"3312 Battleground Avenue
Greensboro NC 27410"
Moore County,202000031,3/20/2020,3/21/2020,3/20/2020,CAROLINA EYE ASSOCIATES P A COVID19,117,2170 MIDLAND ROAD  Southern Pines NC 28387
Randolph County,202000031,3/20/2020,3/21/2020,3/20/2020,CAROLINA EYE ASSOCIATES P A COVID19,6,220-C Foust Street  Asheboro NC 27203
Richmond County,202000031,3/20/2020,3/21/2020,3/20/2020,CAROLINA EYE ASSOCIATES P A COVID19,14,101 Medical Circle  Rockingham NC 28379
Stanly County,202000031,3/20/2020,3/21/2020,3/20/2020,CAROLINA EYE ASSOCIATES P A COVID19,9,923 N. 2nd Street  Albemarle NC 28001
Catawba County,202000036,3/23/2020,3/23/2020,3/23/2020,"ZF Chassis Components, LLC - COVID19",96,1570 East P Street Ext.  Newton NC 28658
Guilford County,202000033,3/19/2020,3/23/2020,3/16/2020,"Hospitality Ventures Management - Greensboro LLC, dba Greensboro-High Point Marriott Airport COVID19",99,One Marriott Drive  Greensboro NC 27409
Mecklenburg County,202000034,3/20/2020,3/23/2020,3/17/2020,HMSHost - Charlotte Douglas International Airport - COVID19,815,5501 Josh Birmingham Pkway Charlotte NC 28208
Mecklenburg County,202000035,3/19/2020,3/23/2020,3/19/2020,Hilton Charlotte Center City - COVID19,163,222 East Third Street  Charlotte NC 28202
Buncombe County,202000041,3/24/2020,3/24/2020,3/25/2020,Movement for Life Inc. COVID19,1,1572 San Hill Road  Candler NC 28715
Buncombe County,202000041,3/24/2020,3/24/2020,3/25/2020,Movement for Life Inc. COVID19,4,858 Merrimon Avenue  Asheville NC 28804
Buncombe County,202000041,3/24/2020,3/24/2020,3/25/2020,Movement for Life Inc. COVID19,6,20 Gala Drive Suite G104 Asheville NC 28803
Henderson County,202000041,3/24/2020,3/24/2020,3/27/2020,Movement for Life Inc. COVID19,1,"101 East Allen SDt. #103
Hendersonville NC 28792"
Mecklenburg County,202000038,3/20/2020,3/24/2020,3/22/2020,GO Rentals - COVID19,6,5400 Airport Drive  Charlotte NC 28208
Mecklenburg County,202000040,3/24/2020,3/24/2020,3/16/2020,"Calimira, LLC dbs Rusty Bucket Restaurant & Tavern - COVID19",65,4810 Ashley Park Ln # E  Charlotte NC 28210
Wake County,202000037,3/22/2020,3/24/2020,3/20/2020,"Wilmington Street Partners, d/b/aTonbo Ramen - COVID19",26,211 S Wilmington St  Raleigh NC 27601
Wake County,202000039,3/24/2020,3/24/2020,3/24/2020,"Alsco, Inc. - COVID19",29,3301 Hillsborough St  Raleigh NC 27604
Guilford County,202000043,3/23/2020,3/25/2020,3/22/2020,"Driven Brands Shared Services, LLC dba Take 5 Oil Change COVID19",8,1715 Battleground Ave  Greensboro NC 27408
Lenoir County,202000044,3/25/2020,3/25/2020,3/20/2020,"Alsco, Inc. - COVID19",27,717 Summit Ave  Kinston NC 28501
Mecklenburg County,202000042,3/23/2020,3/25/2020,3/22/2020,"DRIVEN BRANDS SHARED SERVICES, LLC - COVID19",24,"440 S. Church Street Suite 700
Charlotte NC 28202"
Mecklenburg County,202000043,3/23/2020,3/25/2020,3/22/2020,"Driven Brands Shared Services, LLC dba Take 5 Oil Change COVID19",7,1836 W. Mallard Creek Church Road Charlotte NC 28262
Mecklenburg County,202000043,3/23/2020,3/25/2020,3/22/2020,"Driven Brands Shared Services, LLC dba Take 5 Oil Change COVID19",7,4030 Monroe Road  Charlotte NC 28205
Mecklenburg County,202000043,3/23/2020,3/25/2020,3/22/2020,"Driven Brands Shared Services, LLC dba Take 5 Oil Change COVID19",7,5221 South Blvd.  Charlotte NC 28217
Mecklenburg County,202000043,3/23/2020,3/25/2020,3/22/2020,"Driven Brands Shared Services, LLC dba Take 5 Oil Change COVID19",7,"9200 Albemarle ROad Suite 700
Charlotte NC 28227"
Wake County,202000043,3/23/2020,3/25/2020,3/22/2020,"Driven Brands Shared Services, LLC dba Take 5 Oil Change COVID19",8,5110 Capital Blvd  Raleigh NC 27616
Wake County,202000043,3/23/2020,3/25/2020,3/22/2020,"Driven Brands Shared Services, LLC dba Take 5 Oil Change COVID19",8,6301 Creedmoor Road  Raleigh NC 27612
Catawba County,202000045,3/25/2020,3/26/2020,3/26/2020,"Twin City Knitting Company, Inc.
COVID19",18,104 Rock Barn Road  Conover NC 28613
Catawba County,202000045,3/25/2020,3/26/2020,3/26/2020,"Twin City Knitting Company, Inc.
COVID19",73,1300 Burris Rd  Newton NC 28658
Forsyth County,202000049,3/20/2020,3/26/2020,3/16/2020,"Hospitality Ventures Mangement - Winston- Salem, LLC dba Winston-Salem Marriott
- COVID19",101,425 N Cherry St  Winston Salem NC 27101
Forsyth County,202000050,3/20/2020,3/26/2020,3/16/2020,Embassy Suites and Benton Convention Center - COVID19,86,460 N Cherry St  Winston Salem NC 27101
Mecklenburg County,202000047,3/26/2020,3/26/2020,3/18/2020,"Alsco, Inc. - COVID19",50,365 Dalton Avenue  Charlotte NC 28217
Mecklenburg County,202000047,3/26/2020,3/26/2020,3/18/2020,"Alsco, Inc. - COVID19",51,4700 Dwight Evans Rd  Charlotte NC 28217
Union County,202000046,3/25/2020,3/26/2020,5/30/2020,"ARAMARK Educational Service of North Carolina, LLC",198,204 East Wilson Street  Wingate NC 28174
Wake County,202000048,3/22/2020,3/26/2020,3/22/2020,Kanki Japanese House of Steaks - COVID19,220,"4325 Glenwood Ave # 1070  Raleigh
NC 27612"
Cabarrus County,202000054,3/27/2020,3/30/2020,4/2/2020,"GREAT LAKES SERVICES LLC dba
Great Wolf Lodge - COVID19",626,"10175 WEDDINGTON ROAD
Concord NC 28027"
Durham County,202000053,3/26/2020,3/30/2020,3/30/2020,"Alsco, Inc. - Durham - COVID19",44,1720 E. Lawson Street  Durham NC 27703
Guilford County,202000056,3/30/2020,3/30/2020,3/30/2020,"National Distribution Centers, LLC COVID19",116,4190 Eagle Hill Drive  High Point NC 27265
Mecklenburg County,202000052,3/30/2020,3/30/2020,3/30/2020,Drive Time COVID19,109,5707 Transport Drive  Charlotte NC 28273
Nash County,202000055,3/26/2020,3/30/2020,3/28/2020,The Cheesecake Factory COVID19,376,6792 Corporation Pkwy  Battleboro NC 27809
Durham County,202000065,3/27/2020,3/31/2020,3/29/2020,Paper Source COVID19,9,"8030 Renaissance Parkway Suite 865
Durham NC 27713"
Forsyth County,202000058,3/28/2020,3/31/2020,3/30/2020,Ahern Rentals COVID19,1,3800 N. Patterson Avenue  Winston Salem NC 27105
Guilford County,202000060,3/31/2020,3/31/2020,3/18/2020,"Cheney Brothers, Inc.",11,407 Westcliff Road  Greensboro NC 27409
Iredell County,202000060,3/31/2020,3/31/2020,3/18/2020,"Cheney Brothers, Inc. COVID19",25,195 Business Park Dr  Statesville NC 28677
Iredell County,202000061,3/31/2020,3/31/2020,4/2/2020,Front Row Motorsports Inc COVID19,73,114 Meadow Hill  Mooresville NC 28117
Mecklenburg County,202000058,3/28/2020,3/31/2020,3/30/2020,Ahern Rentals COVID19,1,2501 Westinghouse Blvd  Charlotte NC 28273
Mecklenburg County,202000065,3/27/2020,3/31/2020,3/29/2020,Paper Source COVID19,6,6800 Phillips Place Ct # B  Charlotte NC 28210
New Hanover County,202000059,3/31/2020,3/31/2020,6/1/2020,FieldCore Service Solutions LLC,261,3901 Castle Hayne Road  Castle Hayne NC 28429
Orange County,202000064,3/23/2020,3/31/2020,3/16/2020,"Collegiate Hotel Group, LLC COVID19",45,311 W. Franklin Street  Chapel Hill NC 27516
Randolph County,202000066,3/26/2020,3/31/2020,4/8/2020,"Lodging by Liberty, Inc. dba Charter Furniture COVID19",104,206 E Frazier Ave  Liberty NC 27298
Wake County,202000058,3/28/2020,3/31/2020,3/30/2020,Ahern Rentals COVID19,1,2506 Yonkers Rd  Raleigh NC 27604
Wake County,202000065,3/27/2020,3/31/2020,3/29/2020,Paper Source COVID19,9,4151 Main at North Hills Street Suite F103 Raleigh NC 27609
Wayne County,202000060,3/31/2020,3/31/2020,3/18/2020,"Cheney Brothers, Inc. COVID19",47,402 Commerce Court  Goldsboro NC 27534
Wake County,202000062,4/1/2020,4/1/2020,4/3/2020,"The Martin-Brower Company, LLC COVID19",18,1400 North Greenfield Parkway Garner NC 27529
Wake County,202000062,4/1/2020,4/1/2020,4/3/2020,"The Martin-Brower Company, LLC COVID19",59,1400 North Greenfield Parkway Garner NC 27529
Durham County,202000063,3/17/2020,4/2/2020,3/18/2020,SPORTSMEDIA TECHNOLOGY CORP COVID19,44,"3511 UNIVERSITY DR  Durham NC
27707-"
Iredell County,202000067,3/27/2020,4/2/2020,3/26/2020,Engineered Sintered Components Company COVID19,292,250 Old Murdock Road  Troutman NC 28166
Guilford County,202000068,3/31/2020,4/3/2020,3/31/2020,Greensboro Country Club COVID19,135,410 Sunset Dr  Greensboro NC 27408
Guilford County,202000068,3/31/2020,4/3/2020,3/31/2020,Greensboro Country Club COVID19,11,5121 Hedrick Drive  Greensboro NC 27400
Buncombe County,202000070,3/26/2020,4/6/2020,3/26/2020,Cinemark Asheville - The Carolina COVID19,59,1640 Hendersonville Road  Asheville NC 28803
Buncombe County,202000071,4/5/2020,4/6/2020,4/5/2020,Sunshine Fitness Management dba Planet Fitness COVID 19,11,2623 Hendersonville Road  Arden NC 28704
Guilford County,202000069,4/3/2020,4/6/2020,4/3/2020,Center For Creative Leadership COVID19,150,1 Leadership Pl  Greensboro NC 27410
Guilford County,202000070,3/26/2020,4/6/2020,3/26/2020,Cinemark Brassfield Cinema Ten COVID19,17,"2101 New Garden Rd # 160
Greensboro NC 27410"
Henderson County,202000071,4/5/2020,4/6/2020,4/5/2020,Sunshine Fitness Management dba Planet Fitness COVID19,11,637 Spartanburg Hwy.  Hendersonville NC 28792
Mecklenburg County,202000070,3/26/2020,4/6/2020,3/26/2020,Cinemark Movie Bistro Chrltt COVID19,48,9630 Monroe Rd  Charlotte NC 28270
Mecklenburg County,202000070,3/26/2020,4/6/2020,3/26/2020,Cinemark Movies 10 COVID19,15,9508 Northeast Pkwy  Matthews NC 28105
Mecklenburg County,202000071,4/5/2020,4/6/2020,4/5/2020,Sunshine Fitness Management dba Planet Fitness COVID19,11,10215 B South Blvd.  Charlotte NC 28213
Mecklenburg County,202000071,4/5/2020,4/6/2020,4/5/2020,Sunshine Fitness Management dba Planet Fitness COVID19,11,19706 One Norman Blvd.  Cornelius NC 28031
Mecklenburg County,202000071,4/5/2020,4/6/2020,4/5/2020,Sunshine Fitness Management dba Planet Fitness COVID19,11,2200 Coronation Blvd.  Charlotte NC 28227
Mecklenburg County,202000071,4/5/2020,4/6/2020,4/5/2020,Sunshine Fitness Management dba Planet Fitness COVID19,11,"2401 Whitehall Park Drive Suite 500
Charlotte NC 28273"
Mecklenburg County,202000071,4/5/2020,4/6/2020,4/5/2020,Sunshine Fitness Management dba Planet Fitness COVID19,11,3301 Freedom Drive  Charlotte NC 282208
Mecklenburg County,202000071,4/5/2020,4/6/2020,4/5/2020,Sunshine Fitness Management dba Planet Fitness COVID19,11,5404 Central Avenue  Charlotte NC 28212
Mecklenburg County,202000071,4/5/2020,4/6/2020,4/5/2020,Sunshine Fitness Management dba Planet Fitness COVID19,11,6025 South Blvd.  Charlotte NC 28217
Mecklenburg County,202000071,4/5/2020,4/6/2020,4/5/2020,Sunshine Fitness Management dba Planet Fitness COVID19,12,8700 Pineville Matthews Rd  Charlotte NC 28226
Mecklenburg County,202000077,3/27/2020,4/6/2020,3/27/2020,Crowne Plaza Charlotte COVID19,85,5700 Westpark Dr  Charlotte NC 28217
Randolph County,202000070,3/26/2020,4/6/2020,3/26/2020,Cinemark Asheboro COVID19,20,400 Randolph Mall  Asheboro NC 27203
Rowan County,202000070,3/26/2020,4/6/2020,3/26/2020,Cinemarktinseltown USA COVID19,30,305 Faith Rd  Salisbury NC 28146
Rutherford County,202000071,4/5/2020,4/6/2020,4/5/2020,Sunshine Fitness Management dba Planet Fitness COVID19,11,330 Spindale Plaza Drive  Spindale NC 28160
Wake County,202000070,3/26/2020,4/6/2020,3/26/2020,Cinemark Raleigh Grande Covid19,82,4840 Grove Barton Rd  Raleigh NC 27613
Alamance County,202000073,3/23/2020,4/7/2020,3/20/2020,Hooters COVID19,30,3122 Garden Rd  Burlington NC 27215
Buncombe County,202000076,4/7/2020,4/7/2020,3/21/2020,Catawba Valley Brewing Co COVID19,12,32 Banks Avenue  Asheville NC 28801
Buncombe County,202000076,4/7/2020,4/7/2020,3/21/2020,Catawba Valley Brewing Co COVID19,13,63 Brooks Street  Asheville NC 28803
Burke County,202000076,4/7/2020,4/7/2020,3/21/2020,Catawba Valley Brewing Co COVID19,13,212 S Green St  Morganton NC 28655
Cabarrus County,202000073,3/23/2020,4/7/2020,3/20/2020,Hooters COVID19,30,7702 Gateway Ln NW  Concord NC 28027
Catawba County,202000073,3/23/2020,4/7/2020,3/20/2020,Hooters COVID19,30,1211 13th Avenue Dr SE  Hickory NC 28602
Cumberland County,202000073,3/23/2020,4/7/2020,3/20/2020,Hooters COVID19,30,501 N Mcpherson Church Rd Fayetteville NC 28303
Durham County,202000079,3/19/2020,4/7/2020,3/19/2020,Uncle Julio's COVID19,100,"8030 Renaissance Pkwy # 885
Durham NC 27713"
Gaston County,202000073,3/23/2020,4/7/2020,3/20/2020,Hooters COVID19,29,3725 E Franklin Blvd  Gastonia NC 28056
Gaston County,202000074,4/3/2020,4/7/2020,3/30/2020,Keystone Powdered Metal Co COVID19,55,100 Commerce Dr  Cherryville NC 28021
Guilford County,202000073,3/23/2020,4/7/2020,3/20/2020,Hooters COVID19,30,3031 W Gate City Blvd  Greensboro NC 27403
Iredell County,202000073,3/23/2020,4/7/2020,3/20/2020,Hooters COVID19,29,132 Gallery Center Dr  Mooresville NC 28117
Iredell County,202000080,3/31/2020,4/7/2020,4/4/2020,Doosan Infracore International COVID19,221,1293 Glenway Drive  Statesville NC 28625
Mecklenburg County,202000073,3/23/2020,4/7/2020,3/20/2020,Hooters COVID19,29,9807 South Blvd  Charlotte NC 28273
Mecklenburg County,202000073,3/23/2020,4/7/2020,3/20/2020,Hooters COVID19,30,123 W Trade St  Charlotte NC 28202
Mecklenburg County,202000076,4/7/2020,4/7/2020,3/21/2020,Catawba Valley Brewing Co COVID19,13,933 Louise Avenue  Charlotte NC 28204
New Hanover County,202000073,3/23/2020,4/7/2020,3/20/2020,Hooters COVID19,30,5112 Market St  Wilmington NC 28405
Onslow County,202000073,3/23/2020,4/7/2020,3/20/2020,Hooters COVID19,30,463 Western Blvd  Jacksonville NC 28546
Pitt County,202000073,3/23/2020,4/7/2020,3/20/2020,Hooters COVID19,29,316 SW Greenville Blvd  Greenville NC 27834
Wake County,202000073,3/23/2020,4/7/2020,3/20/2020,Hooters COVID19,30,1001 Claren Cir  Morrisville NC 27560
Wake County,202000073,3/23/2020,4/7/2020,3/20/2020,Hooters COVID19,30,4206 Wake Forest Rd  Raleigh NC 27609
Wake County,202000075,4/1/2020,4/7/2020,3/21/2020,Barteca dba Bartaco COVID19,78,"4121 Main At North Hills #105
Raleigh NC 27609"
Rowan County,202000078,4/8/2020,4/8/2020,4/6/2020,"Parkdale Mills (Plant
11) COVID19",110,2701 S Main St  Salisbury NC 28147
Henderson County,202000086,4/6/2020,4/9/2020,4/6/2020,Peak Workforce Solutions COVID19,105,1000 Rockwell Drive  Fletcher NC 28732
Mecklenburg County,202000082,4/8/2020,4/9/2020,3/23/2020,Prospect Airport Services COVID19,112,5501 R C Josh Birmingham Pkwy Charlotte NC 28208
Rutherford County,202000086,4/6/2020,4/9/2020,4/6/2020,Peak Workforce Solutions 9061 COVID19,32,160 Ash Street  Forest City NC 28043
Wake County,202000083,4/9/2020,4/9/2020,3/18/2020,"Jacobsen Daniel's Enterprises, Inc. COVID19",24,2400 John Brantly Blvd.  Morrisville NC 27560
Catawba County,202000085,4/2/2020,4/13/2020,4/1/2020,"Elite Comfort Solutions, LLC COVID19",23,1115 Farrington Street  Conover NC 28613
Duplin County,202000090,4/9/2020,4/13/2020,4/9/2020,"Precision Hydraulic Cylinders, Inc.
COVID19",48,"196 North Highway 41  Beulaville NC
28518"
Forsyth County,202000087,4/9/2020,4/13/2020,4/9/2020,Mitchell Bartlett-Bell COVID19,8,224 Broad St  Kernersville NC 27284
Guilford County,202000087,4/9/2020,4/13/2020,4/9/2020,Mitchell Bartlett-Bell COVID19,13,5314-B W Friendly Avenue Greensboro NC 27410
New Hanover County,202000090,4/9/2020,4/13/2020,4/9/2020,"Precision Hydraulic Cylinders, Inc COVID19.",1,5512 Business Drive  Wilmington NC 28405
Surry County,202000093,4/9/2020,4/13/2020,3/23/2020,"Vitro Automotive Glass/Pittsburgh Glass Works, LLC COVID19",375,300 PGW Drive  Elkin NC 28621
Wake County,202000084,4/13/2020,4/13/2020,4/2/2020,Electro Rent Corporation COVID19,33,3000 RDU Center Drive  Morrisville NC 27560
Catawba County,202000088,4/14/2020,4/15/2020,4/12/2020,ArcelorMittal COVID19,9,2027 McLin Creek Road  Newton NC 28658
Cumberland County,202000091,4/9/2020,4/15/2020,4/1/2020,Beasley Media Group COVID19,4,508 Person Street  Fayetteville NC 28301
Durham County,202000092,4/6/2020,4/15/2020,4/1/2020,Professional Recovery Consultants COVID19,13,"2700 Meridian Parkway Suite 200
Durham NC 27713"
Mecklenburg County,202000091,4/9/2020,4/15/2020,4/1/2020,Beasley Media Group COVID19,38,"1520 South Blvd Ste 300  Charlotte
NC 28203"
Wake County,202000089,4/15/2020,4/15/2020,3/23/2020,NEOMONDE BAKING CO (A CORP) COVID19,27,10235 Chapel Hill Road  Morrisville NC 27560
Cabarrus County,202000094,4/15/2020,4/16/2020,4/16/2020,"Core & Main, LP COVID19",2,75 Odell School Road  Concord NC 28027
Lenoir County,202000094,4/15/2020,4/16/2020,5/1/2020,"Core & Main, LP COVID19",1,"2303 Highway 11, North  Kinston NC
28501"
Mecklenburg County,202000094,4/15/2020,4/16/2020,5/1/2020,"Core & Main, LP COVID19",1,901 Crafters Lane  Pineville NC 28134
Pasquotank County,202000094,4/15/2020,4/16/2020,5/1/2020,"Core & Main, LP COVID19",1,107 Barnhill Road  Elizabeth City NC 27909
Rowan County,202000094,4/15/2020,4/16/2020,4/16/2020,"Core & Main, LP COVID19",7,10230 Statesville  Cleveland NC 27013
Caldwell County,202000097,4/17/2020,4/17/2020,4/20/2020,RPM WOOD FINISHES GROUP INC COVID19,11,3190 Hickory Blvd  Hudson NC 28638
Caldwell County,202000097,4/17/2020,4/17/2020,4/20/2020,RPM WOOD FINISHES GROUP INC COVID19,21,3194 Hickory Blvd  Hudson NC 28638
Guilford County,202000096,4/9/2020,4/17/2020,4/6/2020,Leggett & Platt Incorporated COVID19,173,1629 Blandwood Dr  High Point NC 27260
Lenoir County,202000095,4/15/2020,4/17/2020,4/29/2020,Lenox Corporation COVID19,159,1800 Dobbs Farm Road  Kinston NC 28504
Lincoln County,202000098,4/10/2020,4/17/2020,4/10/2020,"Holston Medical Group,
P.C. COVID19",20,7482 Waterside Crossing  Denver NC 28037
Lincoln County,202000098,4/10/2020,4/17/2020,4/10/2020,"Holston Medical Group,
P.C. COVID19",21,"275 N NC 16 Business Hwy Suite 103
Denver NC 28037"
Mecklenburg County,202000098,4/10/2020,4/17/2020,4/10/2020,"Holston Medical Group,
P.C. COVID19",20,10320 Mallard Creek  Charlotte NC 28262
Mecklenburg County,202000098,4/10/2020,4/17/2020,4/10/2020,"Holston Medical Group,
P.C. COVID19",20,9611 Sherrill Estates Rd.  Huntersville NC 28078
Mecklenburg County,202000098,4/10/2020,4/17/2020,4/10/2020,"Holston Medical Group,
P.C. COVID19",20,9816 Sam Furr Road  Huntersville NC 28078
Mecklenburg County,202000098,4/10/2020,4/17/2020,4/10/2020,"Holston Medical Group,
P.C. COVID19",20,10210 Hickorywood Hill  Huntersville NC 28078
Mecklenburg County,202000098,4/10/2020,4/17/2020,4/10/2020,"Holston Medical Group,
P.C. COVID19",21,"10826 Mallard Creek suite 100
Charlotte NC 28262"
Mecklenburg County,202000098,4/10/2020,4/17/2020,4/10/2020,"Holston Medical Group,
P.C. COVID19",21,3500 Mt. Holly-Huntersville Road Charlotte NC 28216
Catawba County,202000100,4/17/2020,4/22/2020,3/30/2020,Leggett & Platt Distribution COVID19,25,1401 Deborah Herman Road  Conover NC 28613
Guilford County,202000099,4/17/2020,4/22/2020,3/25/2020,"Matrex, a Division of Leggett & Platt Components Company, Inc. COVID19",29,911 Northridge Street  Greensboro NC 27403
Guilford County,202000099,4/17/2020,4/22/2020,3/25/2020,"Matrex, a Division of Leggett & Platt Components Company, Inc. COVID19",72,899 E. Lindsay Street  Greensboro NC 27405
Alexander County,202000101,4/23/2020,4/23/2020,3/29/2020,Carpenter Co. COVID19,70,"2581 NC Highway 90 E  Taylorsville
NC 28681"
Catawba County,202000101,4/23/2020,4/23/2020,3/29/2020,Carpenter Co. COVID19,72,"2009 Keisler Road, SE  Conover NC 28613"
Catawba County,202000101,4/23/2020,4/23/2020,3/29/2020,Carpenter Co. COVID19,72,29 30th St. NW  Hickory NC 28602
Guilford County,202000101,4/23/2020,4/23/2020,3/29/2020,Carpenter Co. COVID19,70,1021 E Springfield Road  High Point NC 27263
Guilford County,202000103,4/24/2020,4/24/2020,4/30/2020,Enterprise Holdings COVID19,141,"4050 Premier Drive, Suite 200  High
Point NC 27265"
Lee County,202000104,4/24/2020,4/24/2020,4/8/2020,"Static Control Components, Inc. COVID19",22,3010 Lee Ave  Sanford NC 27332
Lincoln County,202000102,4/22/2020,4/24/2020,4/22/2020,Husky Rack & Wire COVID19,44,6146 Denver Industrial Park Rd. Denver NC 28037
Mecklenburg County,202000103,4/24/2020,4/24/2020,4/30/2020,Enterprise Holdings COVID19,53,8335 IBM Drive  Charlotte NC 28262
Mecklenburg County,202000103,4/24/2020,4/24/2020,4/30/2020,Enterprise Holdings COVID19,90,5489 R C Josh Birmingham Pkwy. Charlotte NC 28214
Mecklenburg County,202000103,4/24/2020,4/24/2020,4/30/2020,Enterprise Holdings COVID19,128,5715 West Park Drive  Charlotte NC 28217
New Hanover County,202000103,4/24/2020,4/24/2020,4/30/2020,Enterprise Holdings COVID19,233,3147 S. 17th  Street  Wilmington NC 28412
Wake County,202000103,4/24/2020,4/24/2020,4/30/2020,Enterprise Holdings COVID19,57,1001 Rental Car Drive  Morrisville NC 27560
Wake County,202000103,4/24/2020,4/24/2020,4/30/2020,Enterprise Holdings COVID19,69,1008 Rental Car Drive  Morrisville NC 27560
Wake County,202000103,4/24/2020,4/24/2020,4/30/2020,Enterprise Holdings COVID19,113,4817 Hargrove Road  Raleigh NC 27617
Wilkes County,202000105,4/27/2020,4/27/2020,4/8/2020,"Plycem, USA LLC dba Allura COVID19",4,1149 ABTCO RD  North Wilkesboro NC 28659
Guilford County,202000106,4/24/2020,4/29/2020,3/12/2020,Atrium Hospitality - Embassy Suites by Hilton GreensboroCOVID19,102,204 Centreport Drive  Greensboro NC 27409
Mecklenburg County,202000106,4/24/2020,4/29/2020,3/12/2020,Atrium Hospitality  - Charlotte Hilton AirportCOVID19,95,2400 Cascade Pointe Boulevard Charlotte NC 28208
Wake County,202000106,4/24/2020,4/29/2020,3/12/2020,Atrium Hospitality  - Embassy Suites by Hilton Raleigh Durham COVID19,91,201 Harrison Oaks Blvd  Cary NC 27513
Catawba County,202000107,4/30/2020,4/30/2020,4/30/2020,Tb Arhaus COVID19,32,Highland Highway SE  Hickory NC 28602
Catawba County,202000107,4/30/2020,4/30/2020,4/30/2020,Tb Arhaus COVID19,33,1211 Keisler Rd NW  Conover NC 28613
Alamance County,202000109,4/27/2020,5/1/2020,4/27/2020,"OS Restaurant Services, LLC dba BloominBrands, Inc. Outback Burlington COVID19",72,2735 Longpine Road  Burlington NC 27215
Buncombe County,202000109,4/27/2020,5/1/2020,4/27/2020,"OS Restaurant Services, LLC dba BloominBrands, Inc. - Bonefish Asheville COVID19",32,105 C. River Hills Road  Asheville NC 28805
Buncombe County,202000109,4/27/2020,5/1/2020,4/27/2020,"OS Restaurant Services, LLC dba BloominBrands, Inc. Carrabba's Arden COVID19",56,332 Rockwood Road  Arden NC 28704
Buncombe County,202000109,4/27/2020,5/1/2020,4/27/2020,"OS Restaurant Services, LLC dba BloominBrands, Inc. Carrabba's Asheville COVID19",52,10 Buckstone Place  Asheville NC 28805
Buncombe County,202000109,4/27/2020,5/1/2020,4/27/2020,"OS Restaurant Services, LLC dba BloominBrands, Inc. Outback Asheville COVID19",65,30 Tunnel Road  Asheville NC 28805
Cabarrus County,202000109,4/27/2020,5/1/2020,4/27/2020,"OS Restaurant Services, LLC dba BloominBrands, Inc. Bonefish Concord COVID19",68,8503 Concord Mills Boulevard Concord NC 28027
Cabarrus County,202000109,4/27/2020,5/1/2020,4/27/2020,"OS Restaurant Services, LLC dba BloominBrands, Inc. Carraba's Concord COVID19",64,7900 Lyles Lane  Concord NC 28027
Cabarrus County,202000109,4/27/2020,5/1/2020,4/27/2020,"OS Restaurant Services, LLC dba BloominBrands, Inc. Outback Concord COVID19",80,8507 Concord Mills Boulevard Concord NC 28027
Cabarrus County,202000110,4/24/2020,5/1/2020,3/12/2020,Atrium Hospitality- Concord Embassy Suites COVID19,155,5400 John Q. Hammons Dr. NW Concord NC 28027
Catawba County,202000109,4/27/2020,5/1/2020,4/27/2020,"OS Restaurant Services, LLC dba BloominBrands, Inc. Carrabba's Hickory COVID19",54,1954 13th Avenue Drive  Hickory NC 28105
Catawba County,202000109,4/27/2020,5/1/2020,4/27/2020,"OS Restaurant Services, LLC dba BloominBrands, Inc. Outback Hickory COVID19",92,1435 13th Avenue Drive  Hickory NC 28105
Craven County,202000109,4/27/2020,5/1/2020,4/27/2020,"OS Restaurant Services, LLC dba BloominBrands, Inc. Outback New Bern COVID19",66,111 Howell Road  New Bern NC 28562
Cumberland County,202000109,4/27/2020,5/1/2020,4/27/2020,"OS Restaurant Services, LLC dba BloominBrands, Inc. Bonefish Fayetteville COVID19",48,210 Glensford Drive  Fayetteville NC 28314
Cumberland County,202000109,4/27/2020,5/1/2020,4/27/2020,"OS Restaurant Services, LLC dba BloominBrands, Inc. Carrabba's Fayetteville COVID19",68,4209 Sycamore Dairy Road Fayetteville NC 28303
Cumberland County,202000109,4/27/2020,5/1/2020,4/27/2020,"OS Restaurant Services, LLC dba BloominBrands, Inc.Outback Fayetteville COVID19",73,505 North McPherson Church Road Fayetteville NC 28303
Dare County,202000109,4/27/2020,5/1/2020,4/27/2020,"OS Restaurant Services, LLC dba BloominBrands, Inc. Outback Nags Head COVID19",35,5220 South Croatan Highway  Nags Head NC 27959
Davidson County,202000108,5/1/2020,5/1/2020,5/12/2020,Norfolk Southern Railway Co. - Linwood Terminal COVID19,85,5281 Southern Station RR Station Linwood NC 27299
Durham County,202000109,4/27/2020,5/1/2020,4/27/2020,"OS Restaurant Services, LLC dba BloominBrands, Inc. - Bonefish Durham COVID19",57,"7820 NC Highway 751  Durham NC
27713"
Durham County,202000109,4/27/2020,5/1/2020,4/27/2020,"OS Restaurant Services, LLC dba BloominBrands, Inc. Carrabba's Durham COVID19",48,5312 New Hope Commons  Durham NC 27707
Durham County,202000109,4/27/2020,5/1/2020,4/27/2020,"OS Restaurant Services, LLC dba BloominBrands, Inc. Outback Durham COVID19",90,3500 Mount Moriah Road  Durham NC 27707
Forsyth County,202000109,4/27/2020,5/1/2020,4/27/2020,"OS Restaurant Services, LLC dba BloominBrands, Inc. Carrabba's Winston Salem COVID19",43,587 South Stratford Road  Winston- Salem NC 27103
Forsyth County,202000109,4/27/2020,5/1/2020,4/27/2020,"OS Restaurant Services, LLC dba BloominBrands, Inc. COVID19",37,300 South Stratford Road  Winston- Salem NC 27103
Forsyth County,202000109,4/27/2020,5/1/2020,4/27/2020,"OS Restaurant Services, LLC dba BloominBrands, Inc. Outback Winston- Salem COVID19",99,505 Highland Oaks Drive  Winston- Salem NC 27103
Gaston County,202000109,4/27/2020,5/1/2020,4/27/2020,"OS Restaurant Services, LLC dba BloominBrands, Inc.Outback Gastonia COVID19",71,501 North New Hope Road  Gastonia NC 28054
Guilford County,202000109,4/27/2020,5/1/2020,4/27/2020,"OS Restaurant Services, LLC dba BloominBrands, Inc. Carraba's Greensboro COVID19",63,3200 West Gate City Boulevard Greensboro NC 27407
Guilford County,202000109,4/27/2020,5/1/2020,4/27/2020,"OS Restaurant Services, LLC dba BloominBrands, Inc. Fleming's Greensboro COVID19",54,3342 West friendly Avenue Greensboro NC 27410
Guilford County,202000109,4/27/2020,5/1/2020,4/27/2020,"OS Restaurant Services, LLC dba BloominBrands, Inc. Outback Greensboro COVID19",71,1611 Westover Terrace  Greensboro NC 27408
Guilford County,202000109,4/27/2020,5/1/2020,4/27/2020,"OS Restaurant Services, LLC dba BloominBrands, Inc. Outback Greensboro COVID19",92,4518 West Wendover Avenue Greensboro NC 27407
Guilford County,202000109,4/27/2020,5/1/2020,4/27/2020,"OS Restaurant Services, LLC dba BloominBrands, Inc. Outback Highpoint COVID19",85,260 East Parris Avenue  High Point NC 27262
Guilford County,202000109,4/27/2020,5/1/2020,4/27/2020,"OS Restaurant Services, LLC dba BloomingBrands, Inc.  - Bonefish Greensboro COVID19",56,2100 Koury Boulevard  Greensboro NC 27407
Henderson County,202000109,4/27/2020,5/1/2020,4/27/2020,"OS Restaurant Services, LLC dba BloominBrands, Inc. Outback Hendersonville COVID19",83,250 Mitchelle Drive  Hendersonville NC 28792
Iredell County,202000109,4/27/2020,5/1/2020,4/27/2020,"OS Restaurant Services, LLC dba BloominBrands, Inc. Outback Mooresville COVID19",81,592 River Highway  Mooresville NC 28117
Iredell County,202000109,4/27/2020,5/1/2020,4/27/2020,"OS Restaurant Services, LLC dba BloominBrands, Inc. Outback Statesville COVID19",75,979 Folger Drive  Statesville NC 28625
Johnston County,202000109,4/27/2020,5/1/2020,4/27/2020,"OS Restaurant Services, LLC dba BloominBrands, Inc. Outback Smithfield COVID19",84,911 Outlet Center Drive  Smithfield NC 27577
Mecklenburg County,202000109,4/27/2020,5/1/2020,4/27/2020,"OS Restaurant Services, LLC dba BloominBrands, Inc. - Bonefish Huntersville COVID19",57,8805 Townley Road  Huntersville NC 28078
Mecklenburg County,202000109,4/27/2020,5/1/2020,4/27/2020,"OS Restaurant Services, LLC dba BloominBrands, Inc. - Bonefish Matthews COVID19",65,10056 East Independence Blvd Matthews NC 28105
Mecklenburg County,202000109,4/27/2020,5/1/2020,4/27/2020,"OS Restaurant Services, LLC dba BloominBrands, Inc. Carrabba's  Huntersville COVID19",57,16408 Northcross Drive  Huntersville NC 28078
Mecklenburg County,202000109,4/27/2020,5/1/2020,4/27/2020,"OS Restaurant Services, LLC dba BloominBrands, Inc. Carrabba's Matthews COVID19",48,10408 East Independence Boulevard Matthews NC 28105
Mecklenburg County,202000109,4/27/2020,5/1/2020,4/27/2020,"OS Restaurant Services, LLC dba BloominBrands, Inc. COVID19",40,7520 Pineville Matthews Road Charlotte NC 28226
Mecklenburg County,202000109,4/27/2020,5/1/2020,4/27/2020,"OS Restaurant Services, LLC dba BloominBrands, Inc. Fleming's Charlotte COVID19",48,210 East Trade Street  Charlotte NC 28202
Mecklenburg County,202000109,4/27/2020,5/1/2020,4/27/2020,"OS Restaurant Services, LLC dba BloominBrands, Inc. Outback Charlotte COVID19",64,8338 Pineville Matthews Road Charlotte NC 28226
Mecklenburg County,202000109,4/27/2020,5/1/2020,4/27/2020,"OS Restaurant Services, LLC dba BloominBrands, Inc. Outback Charlotte COVID19",71,8405 Ikea Boulevard  Charlotte NC 28262
Mecklenburg County,202000109,4/27/2020,5/1/2020,4/27/2020,"OS Restaurant Services, LLC dba BloominBrands, Inc. Outback Huntersville COVID19",71,16400 North Cross Drive  Huntersville NC 28078
Mecklenburg County,202000109,4/27/2020,5/1/2020,4/27/2020,"OS Restaurant Services, LLC dba BloominBrands, Inc. Outback Matthews COVID19",79,9623 East Independence Boulevard Matthews NC 28105
Mecklenburg County,202000109,4/27/2020,5/1/2020,4/27/2020,"OS Restaurant Services, LLC dba BloominBrands, Inc.Outback Charlotte COVID19",56,"1412 East Boulevard, Suite A Charlotte NC 28203"
Moore County,202000109,4/27/2020,5/1/2020,4/27/2020,"OS Restaurant Services, LLC dba BloominBrands, Inc. COVID19",49,190 Partner Circle  Southern Pines NC 28387
Moore County,202000109,4/27/2020,5/1/2020,4/27/2020,"OS Restaurant Services, LLC dba BloominBrands, Inc. Outback Southern Pines COVID19",65,100 Southern Road  Southern Pines NC 28387
Nash County,202000109,4/27/2020,5/1/2020,4/27/2020,"OS Restaurant Services, LLC dba BloominBrands, Inc. Outback Rocky Mount COVID19",87,210 Gateway Boulevard  Rocky Mount NC 27804
New Hanover County,202000109,4/27/2020,5/1/2020,4/27/2020,"OS Restaurant Services, LLC dba BloominBrands, Inc. Carraba's Wilmington COVID19",59,15 Van Campen Boulevard Wilmington NC 28403
New Hanover County,202000109,4/27/2020,5/1/2020,4/27/2020,"OS Restaurant Services, LLC dba BloominBrands, Inc. COVID19",43,"4719 New Centre Drive, Unit #K Wilmington NC 28405"
New Hanover County,202000109,4/27/2020,5/1/2020,4/27/2020,"OS Restaurant Services, LLC dba BloominBrands, Inc. Outback Wilmington COVID19",87,302 South College Road  Wilmington NC 28403
Onslow County,202000109,4/27/2020,5/1/2020,4/27/2020,"OS Restaurant Services, LLC dba BloominBrands, Inc. Outback Jacksonville COVID19",61,1045 Western Boulevard  Jacksonville NC 28546
Pitt County,202000109,4/27/2020,5/1/2020,4/27/2020,"OS Restaurant Services, LLC dba BloominBrands, Inc. Bonefish Greenville COVID19",47,3616 South Memorial Drive  Greenville NC 27834
Pitt County,202000109,4/27/2020,5/1/2020,4/27/2020,"OS Restaurant Services, LLC dba BloominBrands, Inc. Outback Greenville COVID19",77,606 Southwest Greenville Blvd. Greenville NC 27834
Robeson County,202000109,4/27/2020,5/1/2020,4/27/2020,"OS Restaurant Services, LLC dba BloominBrands, Inc. Outback Lumberton COVID19",89,223 Wintergreen Drive  Lumberton NC 28358
Rowan County,202000109,4/27/2020,5/1/2020,4/27/2020,"OS Restaurant Services, LLC dba BloominBrands, Inc. Outback Salisbury COVID19",63,1020 East Innes Street  Salisbury NC 28144
Wake County,202000109,4/27/2020,5/1/2020,4/27/2020,"OS Restaurant Services, LLC dba BloominBrands, Inc. - Bonefish Cary COVID19",60,2060 Renaissance Park Place  Cary NC 27513
Wake County,202000109,4/27/2020,5/1/2020,4/27/2020,"OS Restaurant Services, LLC dba BloominBrands, Inc. Carrabba's Apex COVID19",55,1201 Haddon Hall Drive  Apex NC 27502
Wake County,202000109,4/27/2020,5/1/2020,4/27/2020,"OS Restaurant Services, LLC dba BloominBrands, Inc. Carrabba's Raleigh COVID19",65,4821 Capital Boulevard  Raleigh NC 27616
Wake County,202000109,4/27/2020,5/1/2020,4/27/2020,"OS Restaurant Services, LLC dba BloominBrands, Inc. COVID19",49,4421 Six forks Road Suite 122 Raleigh NC 27609
Wake County,202000109,4/27/2020,5/1/2020,4/27/2020,"OS Restaurant Services, LLC dba BloominBrands, Inc. Fleming's Raleigh COVID19",50,"4325 Glenwood Avenue Suite #5004
Raleigh NC 27612"
Wake County,202000109,4/27/2020,5/1/2020,4/27/2020,"OS Restaurant Services, LLC dba BloominBrands, Inc. Outback Cary COVID19",93,901 Walnut Street  Cary NC 27511
Wake County,202000109,4/27/2020,5/1/2020,4/27/2020,"OS Restaurant Services, LLC dba BloominBrands, Inc. Outback Garner COVID19",56,845 US Highway 70 West  Garner NC 27529
Wake County,202000109,4/27/2020,5/1/2020,4/27/2020,"OS Restaurant Services, LLC dba BloominBrands, Inc. Outback Raleigh COVID19",48,3105 Capital Boulevard  Raleigh NC 27604
Wake County,202000109,4/27/2020,5/1/2020,4/27/2020,"OS Restaurant Services, LLC dba BloominBrands, Inc. Outback Raleigh COVID19",99,7500 Creedmoor Road  Raleigh NC 27613
Watauga County,202000109,4/27/2020,5/1/2020,4/27/2020,"OS Restaurant Services, LLC dba BloominBrands, Inc. Outback Blowing Rock COVID19",60,8280 Valley Boulevard  Blowing Rock NC 28605
Wayne County,202000109,4/27/2020,5/1/2020,4/27/2020,"OS Restaurant Services, LLC dba BloominBrands, Inc. Outback Goldsboro COVID19",52,2617 North Park Drive  Goldsboro NC 27534
Alexander County,202000111,4/30/2020,5/4/2020,4/30/2020,Mitchell Gold Co. dba Mitchell Gold + Bob Williams COVID19,70,135 One Comfortable Place Taylorsville NC 28681
Alexander County,202000111,4/30/2020,5/4/2020,4/30/2020,Mitchell Gold Co. dba Mitchell Gold + Bob Williams COVID19,70,375 Sharpe Lane  Hiddenite NC 28636
Iredell County,202000111,4/30/2020,5/4/2020,4/30/2020,Mitchell Gold Co. dba Mitchell Gold + Bob Williams COVID19,70,125 LuLu Lane  Statesville NC 28625
Wake County,202000112,5/1/2020,5/4/2020,4/24/2020,Marriott Raleigh City Center COVID19,151,500 Fayetteville Street  Raleigh NC 27601
Wake County,202000113,4/24/2020,5/6/2020,4/14/2020,THE HERTZ CORPORATION COVID19,71,1017 Rental Car Drive  Morrisville NC 27560
Cumberland County,202000114,4/3/2020,5/7/2020,4/3/2020,Asbury Automotive Group (Crown Dodge Ram of Fayetteville) COVID19,14,436 North McPherson Church Road Fayetteville NC 28303
Cumberland County,202000114,4/3/2020,5/7/2020,4/3/2020,Asbury Automotive Group (Crown Ford) COVID19,24,256 Swain Street  Fayetteville NC 28303
Cumberland County,202000130,5/7/2020,5/7/2020,4/24/2020,On-Board PMO COVID19,51,22824 NC Hwy 87 W  Fayetteville NC 28306
Durham County,202000114,4/3/2020,5/7/2020,4/3/2020,Asbury Automotive Group (Crown Honda of Southpoint) COVID19,57,1001 Southpoint Auto Park Boulevard Durham NC 27713
Guilford County,202000114,4/3/2020,5/7/2020,4/3/2020,Asbury Automotive Group (Crown Acura) COVID19,7,3908 West Wendover Avenue Greensboro NC 27407
Guilford County,202000114,4/3/2020,5/7/2020,4/3/2020,Asbury Automotive Group (Crown BMW) COVID19,16,3902 West Wendover Avenue Greensboro NC 27407
Guilford County,202000114,4/3/2020,5/7/2020,4/3/2020,"Asbury Automotive Group (Crown Chrysler, Dodge, Jeep Ram)COVID19",18,3710 West Wendover Avenue Greensboro NC 27407
Guilford County,202000114,4/3/2020,5/7/2020,4/3/2020,Asbury Automotive Group (Crown Honda) COVID19,26,3633 West Wendover Avenue Greensboro NC 27407
Guilford County,202000114,4/3/2020,5/7/2020,4/3/2020,Asbury Automotive Group (Crown Nissan) COVID19,22,3900 West Wendover Avenue Greensboro NC 27407
Guilford County,202000114,4/3/2020,5/7/2020,4/3/2020,Asbury Automotive Group (Crown Volvo) COVID19,6,3604 West Wendover Avenue Greensboro NC 27407
Guilford County,202000118,5/7/2020,5/8/2020,5/18/2020,Slane Hosiery Mills COVID19,144,313 S Centennial Street  High Point NC 27260
Guilford County,202000118,5/7/2020,5/8/2020,5/18/2020,Slane Hosiery Mills COVID19,144,550 W. Fairfield Road  High Point NC 27263
Haywood County,202000115,4/2/2020,5/8/2020,4/2/2020,"Consolidated Metco., Inc. COVID19",178,171 Great Oak Drive  Canton NC 28716
Iredell County,202000116,5/8/2020,5/8/2020,5/17/2020,Cox Automotive COVID19,279,145 Auction Lane  Statesville NC 28625
Johnston County,202000116,5/8/2020,5/8/2020,5/17/2020,Cox Automotive COVID19,123,318 Bagley Road  Kenly NC 27542
Mecklenburg County,202000117,3/27/2020,5/8/2020,3/27/2020,Deephaven Mortgage LLC COVID19,95,"3530 Toringdon Way Suite 200
Charlotte NC 28277"
Rowan County,202000119,5/11/2020,5/11/2020,4/9/2020,Granges Americas Inc. COVID19,139,1709 Jake Alexander Blvd.  Salisbury NC 28146
New Hanover County,202000120,4/29/2020,5/13/2020,4/30/2020,"Southern Industrial Constructors, Inc. dba General Electric Aviation COVID19",64,3901 Castle Hayne Road  Wilmington NC 28401
Sampson County,202000121,5/14/2020,5/13/2020,7/20/2020,Brooks Brothers Group Inc. dba Garland Shirt Factory COVID19,146,120 S. Church Avenue  Garland NC 28441
Forsyth County,202000122,5/15/2020,5/18/2020,7/10/2020,Franklin Products Inc. COVID19,5,693 Blue Rock Court  Winston Salem NC 27103
Wake County,202000123,5/15/2020,5/18/2020,5/15/2020,"Pyramid Raleigh Management, LLC dba Hilton Raleigh North Hills COVID19",94,3415 Wake Forest Road  Raleigh NC 27609
Mecklenburg County,202000125,5/2/2020,5/20/2020,3/18/2020,Barcelona Wine Bar COVID19,64,"101 W. Worthington Ave. Suite 110
Charlotte NC 28203"
Wake County,202000124,5/2/2020,5/20/2020,3/18/2020,Barcelona Wine Bar COVID19,51,430 West Martin Street  Raleigh NC 27601
Durham County,202000127,5/22/2020,5/22/2020,5/10/2020,21c Museum Hotel COVID19,124,111 N. Corcoran St.  Durham NC 27701
Mecklenburg County,202000126,5/18/2020,5/22/2020,7/20/2020,PolyOne Corporation COVID19,4,13827 Carowinds Boulevard Suite A Charlotte NC 28134
Mecklenburg County,202000126,5/18/2020,5/22/2020,7/20/2020,PolyOne Corporation COVID19,34,10021 Rodney Street  Pineville NC 28134
Moore County,202000128,5/18/2020,5/27/2020,7/15/2020,"VSM-Rostra, LLC COVID19",8,"3056 NC Highway 5  Aberdeen NC
28315"
Mitchell County,202000129,5/27/2020,5/28/2020,5/27/2020,BRP US INC COVID19,88,1211 Greenwood Rd  Spruce Pine NC 28777
Mecklenburg County,202000131,6/3/2020,6/3/2020,3/21/2020,"The Ritz-Carlton Hotel Co LLC, dba the Ritz- Carlton, Charlotte COVID19",207,201 E. Trade Street  Charlotte NC 28202
Mecklenburg County,202000132,5/22/2020,6/3/2020,5/21/2020,"Charlotte Management LLC, dba Sheraton/Le Meridien Charlotte COVID19",65,1555 S. McDowell Street North Tower Charlotte NC 28204
Mecklenburg County,202000133,6/4/2020,6/4/2020,3/18/2020,Starwood-Charlotte Mgmt LLC dba The Westin Charlotte COVID19,276,601 South College Street  Charlotte NC 28202
Mecklenburg County,202000134,6/5/2020,6/5/2020,3/21/2020,"Marriott Hotel Service, Inc. dba Charlotte Marriott SouthPark COVID19",82,2200 Rexford Road  Charlotte NC 28211
Mecklenburg County,202000135,6/5/2020,6/5/2020,3/21/2020,"Renaissance Hotel Operating Co., dba The Renaissance Charlotte SouthPark Hotel COVID19",106,5501 Carnegie Blvd.  Charlotte NC 28209
Stanly County,202000136,6/9/2020,6/9/2020,4/20/2020,Michelin COVID19,335,40589 S Stanly School Rd  Norwood NC 28128
Cumberland County,202000137,6/12/2020,6/15/2020,6/15/2020,DynCorp International LLC (DI),64,Fort Bragg  Fort Bragg NC 28310
Forsyth County,202000138,6/15/2020,6/15/2020,6/30/2020,Potterwyx Scented Candles & Soaps COVID19,1,1351 Lewisville Clemmons Rd Lewisville NC 27023
Mecklenburg County,202000139,6/8/2020,6/16/2020,3/16/2020,Charlotte Marriott City Center COVID19,222,100 West Trade Street  Charlotte NC 28202
Lee County,202000140,6/17/2020,6/17/2020,8/17/2020,GKN DRIVELINE NORTH AMERICA INC,36,4901 Womack Road  Sanford NC 27330
Chatham County,202000141,6/19/2020,6/19/2020,6/27/2020,Rizzo Center and Carolina Inn COVID19,85,150 DuBose Home Ln McLean Hall Chapel Hill NC 27517
Cumberland County,202000142,6/26/2020,6/29/2020,8/28/2020,General Dynamics Information Technology,160,4200 Morgantown Road  Fayetteville NC 28310
Onslow County,202000143,6/29/2020,6/30/2020,8/28/2020,Amentum,100,Holcomb Boulevard Building 18 Camp Lejeune NC 28547
Guilford County,202000144,7/1/2020,7/1/2020,7/1/2020,Guilford College COVID19,45,5800 W. Friendly Ave.  Greensboro NC 27410
Forsyth County,202000145,6/29/2020,7/6/2020,7/6/2020,KHRG (Kimpton Cardinal Hotel) COVID19,77,401 N Main Street  Winston Salem NC 27101
Orange County,202000146,7/7/2020,7/7/2020,7/11/2020,Hyatt Corporation dba Carolina Inn COVID19,217,211 Pittsboro Street  Chapel Hill NC 27516
Durham County,20190001,1/9/2019,1/9/2019,3/11/2019,"Seterus, Inc.  a subsidiary of IBM",310,3039 Cornwallis Road  Durham NC 27709
Mecklenburg County,20190002,1/18/2019,1/18/2019,3/31/2019,"Sodexo, Inc.",69,5501  Josh Birmingham Pkwy  Charlotte NC 28208
Mecklenburg County,20190003,1/25/2019,1/25/2019,3/29/2019,"Conduent Commercial Solutions, LLC (Charlotte)",61,2745 Whitehall Park Dr  Charlotte NC 28273
Mecklenburg County,20190004,2/6/2019,2/6/2019,7/5/2019,"KCI USA, Inc. (Charlotte)",65,10101 Claude Freeman Dr. Ste. 210 W Charlotte NC 28262
Clark County,20190006,2/13/2019,2/13/2019,3/15/2019,Spectrum Pharmaceuticals,2,"11500 S. Eastern Avenue Suite 240
Henderson NV 89052"
Mecklenburg County,20190007,2/20/2019,2/20/2019,4/7/2019,Concentrix Corporation,173,8600 McAlpine Rd  Charlotte NC 28211
Burke County,20190008,2/15/2019,2/21/2019,4/22/2019,RADGroup,73,647 Hopewell Rd  Morganton NC 28655
Guilford County,20190008,2/15/2019,2/21/2019,4/22/2019,RADGroup,1,317 W High Avenue 7th floor High Point NC 27260
Mecklenburg County,20190009,2/27/2019,2/27/2019,4/30/2019,Concentrix Corporation (Charlotte Contact Ctr.),30,8600 McAlpine Rd  Charlotte NC 28211
Wayne County,20190010,2/27/2019,2/28/2019,5/31/2019,Ex-Cell Home Fashions Inc,63,1500 N Carolina St  Goldsboro NC 27530
Wake County,20190011,3/1/2019,3/4/2019,5/6/2019,AsteelFlash USA Corp.,204,6833 Mt Herman Rd  Morrisville NC 27560
Carteret County,20190012,3/14/2019,3/15/2019,5/14/2019,"Atlantic Veneer Company, LLC",61,2457 Lennoxville Road  Beaufort NC 28516
Mecklenburg County,20190013,3/12/2019,3/15/2019,5/12/2019,"WFS Express, Inc.",127,3628 Yorkmont Road #A  Charlotte NC 28208
Pitt County,20190014,3/19/2019,3/26/2019,5/21/2019,Concentrix CVG Corporation (Greenville),318,1130 Sugg Parkway  Greenville NC 27834
Lee County,20190015,3/28/2019,4/1/2019,1/31/2020,"Circle K Stores, Inc.",50,1800 Douglas Drive  Sanford NC 27330
Mecklenburg County,20190016,3/28/2019,4/1/2019,6/3/2019,Massachusetts Mutual Life Insurance Company,164,11215 N. Community House Road Charlotte NC 28277
Cumberland County,20190017,3/29/2019,4/4/2019,5/31/2019,General Dynamics Information Technology,77,2927 Blackjack Street  Fort Bragg NC 28310
Mecklenburg County,20190019,4/4/2019,4/4/2019,6/4/2019,"Lowe's Companies, Inc.",207,5600 David Cox Road  Charlotte NC 28269
Wilkes County,20190019,4/4/2019,4/4/2019,7/16/2019,"Lowe's Companies, Inc.",12,1605 Curtis Bridge Road  Wilkesboro NC 28697
Lincoln County,20190018,4/4/2019,4/5/2019,6/7/2019,"UTC Fire & Security Americas Corporation, Inc.",220,3211 Progress Dr  Lincolnton NC 28092
Mecklenburg County,20190021,4/9/2019,4/10/2019,6/8/2019,"CDA, Inc.",9,11519 Nations Ford Road  Pineville NC 28134
Mecklenburg County,20190021,4/9/2019,4/10/2019,6/8/2019,"CDA, Inc.",69,9900 Brookford Street  Charlotte NC 28273
Mecklenburg County,20190021,4/9/2019,4/10/2019,6/8/2019,"CDA, Inc.",70,8500 S Tryon St  Charlotte NC 28273
Surry County,20190020,4/10/2019,4/10/2019,9/28/2019,Hanesbrands Inc (Mt. Airy),222,645 West Pine St.  Mount Airy NC 27030
McDowell County,20190022,4/17/2019,4/17/2019,6/15/2019,"Ethan Allen Operations, Inc. (Pine Valley Case Goods Manufacturing Division)",325,912 East Main Street  Old Fort NC 28762-0639
Wake County,20190023,4/22/2019,4/23/2019,6/30/2019,"Arysta Lifescience North America, LLC",18,15401 Weston Pkwy # 150  Cary NC 27513
Wayne County,20190024,4/26/2019,4/26/2019,6/26/2019,Cooper Standard Automotive Inc.,15,280 Woodland Church Rd.  Goldsboro NC 27530
Wayne County,20190024,4/26/2019,4/26/2019,6/26/2019,Cooper Standard Automotive Inc.,100,308 Fedelon Trail  Goldsboro NC 27530
Wake County,20190025,4/30/2019,5/1/2019,6/30/2019,"FedEx Supply Chain, Inc.",55,1011 North Arendell Avenue  Zebulon NC 27597
Franklin County,20190026,5/1/2019,5/2/2019,7/1/2019,"Ply Gem Speciality Products, LLC d/b/a Canyon Stone",59,409 Northbrook Dr  Youngsville NC 27596
Mecklenburg County,20190027,5/1/2019,5/3/2019,5/1/2019,Baker & Taylor,37,2550 W Tyvola Rd  Charlotte NC 28217
Wilson County,20190028,5/1/2019,5/8/2019,6/30/2019,Absolute Plastics LLC,9,2301 Wilco Blvd S  Wilson NC 27893
Guilford County,20190029,5/20/2019,5/24/2019,9/1/2019,"Eastern Airlines, LLC",50,4310 Regency Dr Ste 100 High Point NC 27265
Henderson County,201900033,5/30/2019,6/4/2019,6/30/2019,FACILITY LOGISTIC SERVICES  INC,90,32 SMYTH AVE  Hendersonville NC 28792
Columbus County,201900034,6/3/2019,6/6/2019,8/2/2019,Cornerstone Building Brands,58,15159 Andrew Jackson Hwy 76 W  Fair Bluff NC 28439
Mecklenburg County,201900035,6/12/2019,6/12/2019,9/13/2019,Walmart,569,2118 Water Ridge Parkway  Charlotte NC 28217
Stanly County,201900036,6/18/2019,6/25/2019,8/18/2019,"Cap Yarns, LLC",129,424 W. 8th St.  Oakboro NC 28129
Alamance County,201900037,7/8/2019,7/8/2019,8/15/2019,"Decorative Fabrics of America, LLC (Burlington Manufacturing Svc",68,1305 Graham St  Burlington NC 27217
Wake County,201900038,7/8/2019,7/8/2019,8/7/2019,Deutsche Bank,51,"3000 Centre Green Way,  Cary NC 27513"
Wake County,201900039,7/12/2019,7/12/2019,9/13/2019,"Higbee LANCOMS, LP d/b/a Dillard's",84,1105 Walnut Street  Cary NC 27511
Mecklenburg County,201900040,7/22/2019,7/23/2019,9/28/2019,"TMX Healthcare Technologies, LLC (TRIMEDX) ReMedPar
Business Unit",62,10510 Twin Lakes Parkway  Charlotte NC 28269
Durham County,201900041,7/25/2019,7/25/2019,9/25/2019,"MERCK & CO INC., Varicella Bulk Manufacturing Facility",150,5325 Old Oxford Road  Durham NC 27712
Catawba County,201900042,8/1/2019,8/1/2019,9/30/2019,"Schneider National Carriers, Inc.",73,"1515 4th Street, SW  Conover NC 28613"
Durham County,201900044,8/9/2019,8/9/2019,10/9/2019,Cypress Creek Renewables,1,5310 S Alston Avenue  Durham NC 27713
Wake County,201900045,8/15/2019,8/15/2019,10/14/2019,WakeMed,100,1900 Kildaire Farm Road  Cary NC 27518
Wake County,201900045,8/15/2019,8/15/2019,10/14/2019,WakeMed,100,3000 New Bern Avenue  Raleigh NC 27610
Rutherford County,201900046,8/19/2019,8/20/2019,10/21/2019,Valley Fine Foods,53,212 Nuway Packing Rd  Forest City NC 28043
Rutherford County,201900046,8/19/2019,8/20/2019,12/31/2019,Valley Fine Foods,8,212 Nuway Packing Rd  Forest City NC 28043
Guilford County,201900047,8/21/2019,8/21/2019,11/8/2019,Diebold Nixdorf Inc.,122,1150 Pleasant Ridge Rd Ste A Greensboro NC 27409
Onslow County,201900048,8/21/2019,8/22/2019,10/31/2019,Alorica,142,1650 Gum Branch Rd  Jacksonville NC 28540
Wake County,201900049,8/29/2019,8/29/2019,10/28/2019,Toll Brothers Inc,93,1200 Keith Road  Wake Forest NC 27587
Wake County,201900049,8/29/2019,8/29/2019,10/28/2019,Toll Brothers Inc,117,9400 Club Hill Drive  Raleigh NC 27617
Durham County,201900050,9/4/2019,9/4/2019,9/23/2019,BAYER CROPSCIENCE LP,184,"2400 Ellis Road  Durham NC 27709-
0001"
Arapahoe County,201900051,8/6/2019,9/11/2019,10/5/2019,TTEC,24,9197 S. Peoria Street  Englewood CO 80112
Cleveland County,201900052,9/17/2019,9/16/2019,11/19/2019,Fiber Innovators International,105,2525 Blacksburg Road  Grover NC 28073
Henderson County,201900053,9/26/2019,9/26/2019,6/1/2021,Continental Automotive,650,One Quality Way  Fletcher NC 28732
Durham County,201900054,10/1/2019,10/2/2019,10/2/2019,"Inpax Final Mile Delivery, Inc.",37,1805 T.W. Alexander Drive  Durham NC 27703
Durham County,201900054,10/1/2019,10/2/2019,10/2/2019,"Inpax Final Mile Delivery, Inc.",99,224 North Hoover Drive Door # NW01 Durham NC 27703
Mecklenburg County,201900054,10/1/2019,10/2/2019,10/2/2019,"Inpax Final Mile Delivery, Inc.",64,3830 Parrott Drive  Charlotte NC 28214
Mecklenburg County,201900055,10/4/2019,10/4/2019,11/30/2019,QCDATA,65,"301 McCullough Drive Suite 310
Charlotte NC 28262"
Rockingham County,201900056,10/17/2019,10/17/2019,12/31/2019,"ITG Brands, known as Commonwealth Brands",110,301 North Scales Street  Reidsville NC 27323
Davidson County,201900059,10/28/2019,10/28/2019,10/28/2019,JELD-WEN Interior & Exterior Doors,135,647 Hargrave Rd  Lexington NC 27292
Mecklenburg County,201900060,10/29/2019,10/30/2019,12/30/2019,Oakwood World Wide,4,2401 Whitehall Park Dr # 650  Charlotte NC 28273
Wake County,201900060,10/29/2019,10/30/2019,12/30/2019,Oakwood Worldwide,7,"991 Aviation Pkwy Ste 600 Morrisville
NC 27560"
Wake County,201900061,10/30/2019,10/30/2019,12/31/2019,nThrive,839,"3200 Spring Forest Road Suite 200
Raleigh NC 27616"
Durham County,201900062,10/29/2019,11/4/2019,12/31/2019,FDY  INC,141,"1801 Fayetteville Street Ste. 115
Durham NC 27707"
Durham County,201900063,11/5/2019,11/8/2019,1/6/2020,"Marvell Semiconductor, Inc.",11,1000 Park Forty Plaza Fourth Floor Durham NC 27713
Carteret County,201900064,11/7/2019,11/12/2019,1/6/2020,SPX FLOW,55,170 Hankison Drive  Newport NC 28570
Orange County,201900065,11/10/2019,11/12/2019,1/12/2020,A Southern Season,70,201 S Estes Dr # 300  Chapel Hill NC 27514
Union County,201900066,11/8/2019,11/19/2019,12/5/2019,"Packers Sanitation Services, Inc.",102,2023 Hasty Street  Monroe NC 28112
Randolph County,201900067,12/16/2019,12/16/2019,3/1/2019,"Arrow International, Inc. (Teleflex)",12,312 Commerce Place  Asheboro NC 27203-0552
Mecklenburg County,20180001,1/4/2018,1/5/2018,3/9/2018,Aon Hewitt (Aon),76,7201 Hewitt Associates Drive  Charlotte NC 28262
Wake County,20180002,1/5/2018,1/8/2018,5/1/2018,Flextronics Americas LLC,69,1000 Innovation Ave 1200 Innovation Ave Morrisville NC 27560
Wake County,20180002,1/5/2018,1/8/2018,5/1/2018,Flextronics Americas LLC,69,1200 Innovation Ave  Morrisville NC 27560
Mecklenburg County,20180003,1/9/2018,1/10/2018,3/12/2018,HireRight LLC,93,"4600 Park Road, Suite 500 Charlotte NC 28209"
Mitchell County,20180007,1/3/2018,1/11/2018,3/3/2018,PRC Industries,100,165 One Genesis Way  Spruce Pine NC 28777
Robeson County,20180004,1/11/2018,1/11/2018,1/26/2018,Sams Club #4945,149,5085 Dawn Drive  Lumberton NC 28360
Wake County,20180005,1/11/2018,1/11/2018,1/26/2018,Sams Club (#6668),187,1101 Shiloh Glenn Drive  Morrisville NC 27560
Wilson County,20180006,1/11/2018,1/11/2018,1/9/2018,Absolute Plastics Llc,100,2301 Wilco Blvd S  Wilson NC 27893
Union County,20180008,1/11/2018,1/16/2018,3/31/2018,RSC Chemical Solutions,8,600 Radiator Rd.  Indian Trail NC 28079
Union County,20180008,1/11/2018,1/16/2018,4/30/2018,RSC Chemical Solutions,11,600 Radiator Rd.  Indian Trail NC 28079
Union County,20180008,1/11/2018,1/16/2018,5/31/2018,RSC Chemical Solutions,5,600 Radiator Rd.  Indian Trail NC 28079
Union County,20180008,1/11/2018,1/16/2018,6/30/2018,RSC Chemical Solutions,41,600 Radiator Rd.  Indian Trail NC 28079
Catawba County,20180009,1/29/2018,1/29/2018,3/31/2018,Conifer Revenue Cycle Solutions (Conifer),81,420 N. Center St 3560 Dallas Parkway Frisco TX 75034 Hickory NC 28601
Cumberland County,20180010,1/30/2018,1/30/2018,3/31/2018,ARMA Global Inc.,99,"4200 Morganton Road, Suite 204 2701
N. Rocky Point Drive, Suite 1150 Tampa, Fl 33607 Fayetteville NC 28314"
Mecklenburg County,20180011,1/31/2018,2/1/2018,4/1/2018,Compass Group USA (GM Charlotte),5,10815 Quality Dr  Charlotte NC 28278
Wake County,20180012,1/2/2018,2/3/2018,4/3/2018,"Conduent Commercial Solutions, LLC",267,"2641 Sumner Blvd., Ste. 100  Raleigh
NC 27616"
Nash County,20180013,2/12/2018,2/12/2018,4/12/2018,"Southeast Service Corporation
d.b.a. SSC Service Solutions (SSC)",105,930 Eastern Ave.  Nashville NC 27856
Mecklenburg County,20180014,2/13/2018,2/19/2018,4/20/2018,"Coats and Clark, Inc",18,"3430 Toringdon Way # 301  Charlotte
NC 28277"
Forsyth County,20180015,3/1/2018,3/5/2018,5/1/2018,Rockwell Collins,119,1455 Fairchild Rd  Winston Salem NC 27105
Guilford County,20180016,3/5/2018,3/5/2018,5/4/2018,Ameritox LLC,113,486 Gallimore Dairy Road  Greensboro NC 27409
Burke County,20180017,3/5/2018,3/6/2018,5/4/2018,Gildan (Peds Manufacturing Group),65,9451 Neuville Ave  Hildebran NC 28637
Mecklenburg County,20180018,3/7/2018,3/7/2018,6/30/2018,Metromont Corporation,72,4101 Greensboro Street  Charlotte NC 28206
Pasquotank County,20180019,3/14/2018,3/15/2018,5/14/2018,Farm Fresh (store #6273),86,683 Hughes Blvd.  Elizabeth City NC 27909
Pasquotank County,20180020,3/22/2018,3/28/2018,6/1/2018,DRS GES (LEONARDO DRS),114,1060 Consolidated Road  Elizabeth City NC 27909
Durham County,20180021,3/29/2018,4/2/2018,5/31/2018,Southeast Service Solutions d/b/a SSC Service Solutions (SSC),353,511 Cleveland Street 511 Cleveland Street Durham NC 27702
Cabarrus County,20180022,3/28/2018,4/3/2018,6/1/2018,"Avante at Concord, Inc.",99,515 Lake Concord Road  Concord NC 28025
Davidson County,20180022,3/28/2018,4/3/2018,6/1/2018,Avante at Thomasville Inc,64,1028 Blair Street  Thomasville NC 27360
Mecklenburg County,20180022,3/28/2018,4/3/2018,6/1/2018,"Avante at Charlotte, Inc.",82,4801 Randolph Road  Charlotte NC 28211
Pasquotank County,20180023,3/28/2018,4/3/2018,5/1/2018,Xenith Bank and Union Bank and Trust,60,112 Corporate Drive  Elizabeth City NC 27909
Rockingham County,20180022,3/28/2018,4/3/2018,6/1/2018,"Avante at at Reidsville, Inc.",95,543 Maple Avenue  Reidsville NC 27320
Wilkes County,20180022,3/28/2018,4/3/2018,6/1/2018,"Avante at Wilkesboro, Inc.",98,1000 College Street  Wilkesboro NC 28697
Wilson County,20180022,3/28/2018,4/3/2018,6/1/2018,"Avante at Wilson, Inc.",105,1804 Forest Hills Road  Wilson NC 27893
Pitt County,20180024,3/26/2018,4/4/2018,9/15/2018,Wells Fargo (Winterville),593,1451 Thomas Langston Rd  Winterville NC 28590-8872
Mecklenburg County,20180025,4/2/2018,4/9/2018,4/2/2018,Dean And DeLuca Phillips Place,73,6903 Phillips Place Ct  Charlotte NC 28210
Mecklenburg County,20180026,4/5/2018,4/11/2018,4/5/2018,Dean and DeLuca Tryon Cafe,17,201 S Tryon St  Charlotte NC 28202
Mecklenburg County,20180027,4/5/2018,4/11/2018,4/5/2018,Dean and DeLuca Stonecrest Cafe,16,7804 Rea Rd  Charlotte NC 28277
Mecklenburg County,20180028,4/18/2018,4/18/2018,6/29/2018,"DITECH Holding Corporation d/b/a Reverse Mortgage Solutions, Inc.",79,200 Regency Executive Park Drive Charlotte NC 28217
Mecklenburg County,20180030,4/20/2018,5/1/2018,7/27/2018,Sabic Innovative Plastics US LLC,83,9930 Kincey Ave  Huntersville NC 28078
Cleveland County,20180031,4/25/2018,5/2/2018,6/25/2018,"Schletter, Inc.",120,1001 Commerce Center Dr  Shelby NC 28150
Vance County,20180032,5/7/2018,5/8/2018,7/13/2018,Staples Contract and Commercial Inc.,100,1133 Poplar Creek Rd.  Henderson NC 27537
Cumberland County,20180033,5/8/2018,5/10/2018,7/7/2018,SYKES,377,921  Strickland Bridge Rd  Fayetteville NC 28304
Mecklenburg County,20180034,5/11/2018,5/14/2018,7/16/2018,Home Point Financial Corporation,54,"3525 Whitehall Park Drive Suite 500
Charlotte NC 28273"
Wayne County,20180035,5/14/2018,5/14/2018,7/16/2018,Cooper Standard Automotive Inc.,122,808 Fedelon Trail  Goldsboro NC 27530
Wayne County,20180035,5/14/2018,5/14/2018,7/16/2018,"Cooper Standard Automotive, Inc.",3,280 Woodland Church Rd  Goldsboro NC 27530
Yadkin County,20180036,5/1/2018,5/30/2018,5/1/2018,Parkdale Mills (Plant 25),63,114 Woodruff Rd  Boonville NC 27011
Harnett County,20180037,5/31/2018,5/31/2018,6/1/2018,Edwards Brothers Malloy,69,900 Edwards Brothers Drive  Lillington NC 27546
Wilson County,20180038,5/29/2018,6/1/2018,7/29/2018,"WILSON MEDICAL CENTER
(A Duke Lifepoint Hospital)",101,1705 Tarboro St. SW  Wilson NC 27893
Wake County,20180039,6/12/2018,6/13/2018,8/13/2018,"Qualcomm Datacenter Technologies, Inc. (Qualcomm)",241,8041 Arco Corporate Drive  Raleigh NC 27617
Durham County,20180040,6/13/2018,6/15/2018,8/14/2018,Kroger,118,1802 N Pointe Dr  Durham NC 27705
Durham County,20180040,6/13/2018,6/15/2018,8/14/2018,Kroger,118,"202 W Nc Highway 54 # 301  Durham
NC 27713"
Durham County,20180040,6/13/2018,6/15/2018,8/14/2018,Kroger,118,3457 Hillsborough Rd  Durham NC 27705
Durham County,20180040,6/13/2018,6/15/2018,8/14/2018,Kroger,118,3825 S Roxboro St # 101  Durham NC 27713
Durham County,20180040,6/13/2018,6/15/2018,8/14/2018,Kroger,118,5116 N Roxboro St  Durham NC 27704
Wake County,20180040,6/13/2018,6/15/2018,8/14/2018,Kroger,118,1273 NW Maynard Rd  Cary NC 27513
Wake County,20180040,6/13/2018,6/15/2018,8/14/2018,Kroger,118,1371 E Broad St  Fuquay Varina NC 27526
Wake County,20180040,6/13/2018,6/15/2018,8/14/2018,Kroger,118,2680 Timber Dr  Garner NC 27529
Wake County,20180040,6/13/2018,6/15/2018,8/14/2018,Kroger,118,3420 Southwest Durham Dr  Durham NC 27707
Wake County,20180040,6/13/2018,6/15/2018,8/14/2018,Kroger,118,350 E Six Forks Rd # A  Raleigh NC 27609
Wake County,20180040,6/13/2018,6/15/2018,8/14/2018,Kroger,118,6300 Creedmoor Rd # 150  Raleigh NC 27612
Wake County,20180040,6/13/2018,6/15/2018,8/14/2018,Kroger,118,7905 Falls of Neuse Rd  Raleigh NC 27615
Wake County,20180040,6/13/2018,6/15/2018,8/14/2018,Kroger,118,8345 Creedmoor Rd  Raleigh NC 27613
Wake County,20180040,6/13/2018,6/15/2018,8/14/2018,Kroger,118,940 US 64 Hwy W  Apex NC 27523
Union County,20180041,6/28/2018,6/28/2018,9/15/2018,GREAT AMERICAN SNACKS,84,"2701 SIMPSON ST  Monroe NC 28112-
4120"
Mecklenburg County,20180042,6/29/2018,6/29/2018,12/31/2018,"Dream Center Education Holdings, LLC",114,2110 Water Ridge Parkway  Charlotte NC 28217
Cleveland County,20180043,6/29/2018,7/2/2018,8/31/2018,American Anesthesiology of Southeast PLLC,13,110 North Lafayette Street  Shelby NC 28150
Cleveland County,20180043,6/29/2018,7/2/2018,8/31/2018,American Anesthesiology of Southeast PLLC,13,201 E. Grover Street  Shelby NC 28150
Cleveland County,20180043,6/29/2018,7/2/2018,8/31/2018,American Anesthesiology of Southeast PLLC,13,706  W. King Street  Kings Mountain NC 28086
Lincoln County,20180043,6/29/2018,7/2/2018,8/31/2018,American Anesthesiology of Southeast PLLC,13,1585 Forney Creek Pkwy.  Denver NC 28037
Lincoln County,20180043,6/29/2018,7/2/2018,8/31/2018,American Anesthesiology of Southeast PLLC,13,433 McAlister Road  Lincolnton NC 28092
Mecklenburg County,20180043,6/29/2018,7/2/2018,8/31/2018,American Anesthesiology of Southeast PLLC,13,1001 Blythe Blvd  Charlotte NC 28203
Mecklenburg County,20180043,6/29/2018,7/2/2018,8/31/2018,American Anesthesiology of Southeast PLLC,13,10628 Park Road  Charlotte NC 28210
Mecklenburg County,20180043,6/29/2018,7/2/2018,8/31/2018,American Anesthesiology of Southeast PLLC,13,927 East Boulevard  Charlotte NC 28203
Mecklenburg County,20180043,6/29/2018,7/2/2018,8/31/2018,American Anesthesiology of Southeast PLLC,20,1000 Blythe Blvd  Charlotte NC 28203
Mecklenburg County,20180043,6/29/2018,7/2/2018,8/31/2018,American Anesthesiology of Southeast PLLC (Carolinas Medical Center Mercy),13,2001 Vail Avenue  Charlotte NC 28207
Union County,20180043,6/29/2018,7/2/2018,8/31/2018,American Anesthesiology of Southeast PLLC,13,6068 W Highway  Indian Trail NC 28079
Union County,20180043,6/29/2018,7/2/2018,8/31/2018,American Anesthesiology of Southeast PLLC(Carolinas Healthcare System-Union),13,600 Hospital Drive  Monroe NC 28112
Guilford County,20180044,7/9/2018,7/9/2018,9/7/2018,"Serta Simmons Bedding, LLC (SSB Manufacturing Company)",112,6540 Judge Adams Rd  Whitsett NC 27377
Burke County,20180045,7/10/2018,7/10/2018,9/13/2018,GILDAN (Peds Manufacturing Group),100,9451 Neuville Avenue  Hildebran NC 28637
Wilson County,20180046,5/31/2018,7/13/2018,8/3/2018,"LM Farms, LLC dba Gardens Alive! Farms",200,"7437 ROCK RIDGE SIMS RD  Sims NC
27880"
Craven County,20180048,7/20/2018,7/20/2018,7/31/2018,"International Healthcare Staffing Alliance, LLC  (Cherry Point)",42,Bldg 4389 Beaufort Road  Cherry Point NC 28533
Onslow County,20180047,7/19/2018,7/20/2018,7/31/2018,Spectrum Healthcare Resources,53,100 Brewster Blvd  Camp Lejeune NC 28547
Onslow County,20180048,7/20/2018,7/20/2018,7/31/2018,International Healthcare Staffing Alliance,43,100 Brewster Blvd.  Camp Lejeune NC 28547
Mecklenburg County,20180049,8/16/2018,8/16/2018,10/19/2018,WestRock,170,2750 Whitehall Park Dr  Charlotte NC 28273
Caldwell County,20180050,8/28/2018,8/28/2018,10/28/2018,HERITAGE HOME GROUP LLC,226,315 Elizabeth St.  Lenoir NC 28645
Caldwell County,20180050,8/28/2018,8/28/2018,10/28/2018,HERITAGE HOME GROUP LLC,486,830 Complex Street  Lenoir NC 28645
Johnston County,20180051,8/30/2018,8/31/2018,10/7/2018,Smithfield Fresh Meats Corp (Clayton Distribution Center),102,1053 Shotwell Rd  Clayton NC 27520
Durham County,20180052,9/5/2018,9/5/2018,12/5/2018,GlaxoSmithKline,100,5 Moore Drive  Durham NC 27709
Cabarrus County,20180053,9/6/2018,9/6/2018,11/5/2018,PRODUCTS QUEST MANFACTURING LLC,148,2865 North Cannon Boulevard Kannapolis NC 28083
Cabarrus County,20180053,9/6/2018,9/6/2018,11/5/2018,PRODUCTS QUEST MANFACTURING LLC,148,411 International Drive NW  Concord NC 28027
Lee County,20180054,9/12/2018,9/12/2018,12/12/2018,Static Control Components,66,4464 Swanns Station Rd  Sanford NC 27332
Lee County,20180054,9/12/2018,9/12/2018,12/12/2018,STATIC CONTROL COMPONENTS INC,25,3010 LEE AVENUE  Sanford NC 27331
Lee County,20180054,9/12/2018,9/12/2018,12/12/2018,Static Control Components Inc,73,2801 Lemon Springs Rd  Sanford NC 27332
Lee County,20180054,9/12/2018,9/12/2018,12/12/2018,"Static Control Components, Inc.",74,2903 Lee Avenue  Sanford NC 27332
Mecklenburg County,20180055,9/18/2018,9/19/2018,11/19/2018,"Dollar Tree, Inc. (Family Dollar)",200,10401 Monroe Road  Matthews NC 28105
Davidson County,20180057,10/2/2018,10/2/2018,12/1/2018,Heritage Home Group LLC (Thomasville),34,115 Morrison Ave.  Thomasville NC 27360
Guilford County,20180056,10/2/2018,10/2/2018,12/1/2018,Heritage Home Group LLC (Highpoint),115,1925 Eastchester Drive  High Point NC 27265
Alamance County,20180058,11/1/2018,11/1/2018,1/1/2019,Copland Fabrics Inc,103,1714 Carolina Mill Rd  Burlington NC 27217
Alamance County,20180059,11/1/2018,11/1/2018,1/2/2019,Copland Industries Inc,43,1714 Carolina Mill Rd  Burlington NC 27217
Alamance County,20180059,11/1/2018,11/1/2018,1/2/2019,Copland Industries Inc,43,908 Sandy Cross Road  Burlington NC 27217
Mecklenburg County,20180060,11/2/2018,11/5/2018,12/31/2018,BASF Care Chemicals,27,3304 Westinghouse Blvd  Charlotte NC 28273
Mecklenburg County,20180060,11/2/2018,11/5/2018,12/31/2018,BASF Dispersions & Pigments,26,11501 Steele Creek Rd  Charlotte NC 28273
Person County,20180061,11/1/2018,11/6/2018,12/31/2018,Boise Cascade Company,58,1000 N Park Dr.  Roxboro NC 27573
Guilford County,20180062,10/30/2018,11/7/2018,12/31/2018,Transdev Services,280,223 W. Meadowview Road  Greensboro NC 27401
Pitt County,20180063,11/7/2018,11/7/2018,1/7/2019,"Pyxus International, Inc. (f/k/a Alliance One Internternational, Inc.)",565,8958 West Marlboro Rd  Farmville NC 27828
Wake County,20180064,11/8/2018,11/9/2018,1/7/2019,DAL Global Services LLC (DGS),320,2400 John Brantley Blvd  Morrisville NC 27560
Mecklenburg County,20180065,11/8/2018,11/14/2018,1/7/2019,Orano Federal Services LLC,15,"10101 David Taylor Drive Suite 200
Charlotte NC 28262"
Chatham County,20180066,11/15/2018,11/27/2018,1/15/2019,Advanced Sports Enterprises,200,144 Old Lystra Rd  Chapel Hill NC 27517
Wake County,20180067,12/6/2018,12/6/2018,2/6/2019,Qualcomm Datacenter Technologies Inc,144,8041 Arco Corporate Drive  Raleigh NC 27617
Davidson County,20180068,12/13/2018,12/13/2018,12/14/2018,Leggett & Platt Inc.,158,3040 Jr. Order Home Road  Lexington NC 27292
Randolph County,20180069,12/28/2018,12/28/2018,11/1/2018,Arrow International Incorporated a subsidary of Teleflex,13,312 Commerce Pl  Asheboro NC 27203
